キャラ番号,キャラ名,性格タイプ,プロンプト,デフォルト帽子,デフォルト上衣,デフォルト下衣,デフォルト足元,オプション,キャラLora,ネガティブ,目の色,メモ,未使用n,未使用o,未使用p,未使用q,未使用r,未使用s,未使用t,未使用u,未使用v,未使用w,未使用x,未使用y,未使用z
0,あなた,,,出るなら空欄,出るなら空欄,出るなら空欄,出るなら空欄,,,,,色移りの問題があるため、目の色はモデルで対応できているなら無指定推奨。,,,,,,,,,,,,,
1,霊夢,,hakurei reimu,,,,,,,,,,,,,,,,,,,,,,
2,る~こと,,"light green hair,short hair,bob cut",,"(maid costume,maid apron,frilled clothes)",,,,,(long hair),,,,,,,,,,,,,,,
3,カナ,,"Kana Anaberal, blonde hair,(wavy hair),(short hair)",hat,apron,,,,,,,,,,,,,,,,,,,,
4,魅魔,,"mima \(touhou\), green hair,long hair,mimav1",hat,,,,,,,,,,,,,,,,,,,,,
5,サニー,,"sunny milk, blue eyes, orange hair, two side up, short hair,red bow, fairy wings",headdress,"white shirt, yellow ascot, sash",red skirt,,,,,,,,,,,,,,,,,,,
6,ルナ,,"luna child, red eyes, blonde hair, short hair, drill hair, fairy wings",white headwear,"white dress, black bowtie, black bow, long sleeves, wide sleeves",,,,,,,,,,,,,,,,,,,,
7,スター,,"star sapphire, brown eyes, brown hair, long hair, blunt bangs, blue bow, fairy wings",,"blue dress, blue ribbon, long sleeves, wide sleeves",,,,,,,,,,,,,,,,,,,,
8,ちゆり,,"Kitashirakawa Chiyuri, blonde hair, yelloweyes, two side up, short hair",white sailor hat,"white sailor shirt, blue ribbon",white hotpants,,,,,,,,,,,,,,,,,,,
9,夢美,,"OKAZAKI YUMEMI,red hair,Single braid",,Red cape,,,,,,,,,,,,,,,,,,,,
10,萃香,,"(Ibuki Suika:1.1),light brown hair,horns of oni,child, red ribbon,handcuffs",,"no sleeve white shirt,bare shoulders",,,,,,,,,,,,,,,,,,,,
11,魔理沙,,"kirisame marisa,blonde hair",witch's black hat,,,,,,,,,,,,,,,,,,,,,
12,ルーミア,,"rumia,blonde hair",,,,,,,"tied hair,twintail,side tail",,,,,,,,,,,,,,,
13,大妖精,,"daiyousei, green hair, short hair, side ponytail,yellow ribbon, fairy wings",,"blue vest, yellow ascot, white shirt, puffy short sleeves", blue skirt,,,,,,,,,,,,,,,,,,,
14,チルノ,,"cirno,blue hair",,,,,,,,,,,,,,,,,,,,,,
15,咲夜,,"izayoi sakuya,silver hair",,,,,,,,,,,,,,,,,,,,,,
16,レミリア,,remilia scarlet,zun hat,,,,,,"(pink hair),red hair",,,,,,,,,,,,,,,
17,アリス,,"alice margatroid,blonde hair",headband,,,,,,"(tied hair),(twintails),bunny ears headband,animal ears",,,,,,,,,,,,,,,
18,リリーW,,"Lily White,blonde hair,fairy wings",white hat with red ribbon,"(white cape with big ribbon),white cloth",,,,,,,,,,,,,,,,,,,,
19,リリーB,,"Lily Black,blonde hair,fairy wings",black hat,"(black cape with big ribbon),with red ribbon,black cloth",,,,,,,,,,,,,,,,,,,,
20,リリカ,,"Lyrica Prismriver,Lyrica,brown hair, short hair",hat,"white collared shirt,long sleeves,red vest",,,,,,,,,,,,,,,,,,,,
21,メルラン,,"Merlin Prismriver,Merlin,white blue hair,short hair,Bedhead,(wavy hair:1.2),waby bangs",hat,"pink vest, white collared shirt,long sleeves",,,,,,,,,,,,,,,,,,,,
22,ルナサ,,"Lunasa Prismriver,Lunasa,blonde hair,short hair",hat,"long sleeves,black vest",,,,,,,,,,,,,,,,,,,,
23,妖夢,,"konpaku youmu,silver hair",,,,,,,,,,,,,,,,,,,,,,
24,橙,,"Chen,animal ears,brown hair,very short hair,earrings",mob cap,"red dress,bow",,,,,,,,,,,,,,,,,,,,
25,藍,,"yakumo ran,1girl, blonde hair, fox tail, short hair, yellow eyes, multiple tails,bangs, kitsune",hat,"tabard, long sleeves, white dress, wide sleeves,frills, frilled shirt collar,  frilled sleeves",,,,,,,,,,,,,,,,,,,,
26,紫,,Yakumo Yukari,zun hat with red ribbon,,,,,,"animal tails,fox tails",,,,,,,,,,,,,,,
27,リグル,,"Wriggle Nightbug,antennae, green hair,short hair,green eyes",,"cape, white shirt,puffy sleeves,long sleeves",bloomers,,,,,,,,,,,,,,,,,,,
28,ミスティア,,"Mystia Lorelei,pink hair, animal ears, wings",hat,"dress,wide sleeves",,,,,,,,,,,,,,,,,,,,
29,文,,"Shameimaru Aya,black hair,touhou",,,,,,,,,,,,,,,,,,,,,,
30,映姫,,"shiki eiki, green hair, short hair, blue eyes",hat,"blue vest,white shirt,black shirt,long sleeves,ribbon,bow, red bow",ribbon-trimmed skirt,,,,,,,,,,,,,,,,,,,
31,早苗,,"Kochiya Sanae,green hair",,,,,,,,,,,,,,,,,,,,,,
32,神奈子,,"red eyes,purple hair,short hair,leaf hair ornament,%高身長%",,"rope,mirror,shirt",skirt,,,,,,,,,,,,,,,,,,,
33,諏訪子,,"(moriya suwako:0.7),blonde hair",hat,frog print,purple skirt,,,,,,,,,,,,,,,,,,,
34,天子,,"Hinanawi Tenshi,deep blue hair",hat with peach,,,,,,,,,,,,,,,,,,,,,
35,衣玖,,"Nagae Iku,purple hair, short hair","hat ribbon,hat,bow","ascot,shawl,frills",,,,,,,,,,,,,,,,,,,,
36,お燐,,"animal ears, red hair,short hair,twin braids, red eyes,hair bow,multiple tails,ribbon, nekomata",,green dress,,,,,,,,,,,,,,,,,,,,
37,お空,,"Reiuji Utsuho,black hair,green ribbon",,,,,,,,,,,,,,,,,,,,,,
38,こいし,,"Komeji Koishi,white green hair",hat,,,,,,,,,,,,,,,,,,,,,
39,ナズーリン,,"Nazrin,animal ears, grey hair,short hair,red eyes,mouse tail",,"pendant, capelet,black dress",,,dowsing rod,,,,,,,,,,,,,,,,,
40,小傘,,"tatara kogasa, heterochromia, blue hair,short hair,red eye",,long sleeves,blue skirt,,"karakasa obake, umbrella, geta",,,,,,,,,,,,,,,,,
41,ぬえ,,"houjuu nue, black hair,short hair,red eyes,snake,asymmetrical wings",,"red bow,short sleeves,wristband,black dress",black thighhighs,,,,,,,,,,,,,,,,,,,
42,はたて,,"himekaidou hatate,pointy ears,brown hair, brown eyes,twintails,ribbon",tokin hat,"short sleeves,shirt,necklace",checkered skirt,tengu-geta,,,,,,,,,,,,,,,,,,
43,華扇,,"ibaraki kasen, 1girl, solo, double bun,  pink hair,short hair,pink eyes, bandages arm,ribbon",,"flower tabard,short sleeves, puffy sleeves, chinese clothes, chain, shirt",green skirt,shackles,,,two horns in head,,,,,,,,,,,,,,,
44,エレン,,"ellen \(touhou\), Hairband_ribbon, hair_ribbon, blonde_hair, long_hair, Curly_hair, green_eyes",,"red_vest, white_shirt, turtleneck, puffy_short_sleeves, short_sleeves,white_apron, waist_apron, white_bow, waist_bow","red_skirt, skirt_set",,,,,,,,,,,,,,,,,,,
45,理香子,,"asakura rikako, glasses, hair ribbon, purple hair,white ribbon, long hair, violet eyes, hairband",,"white coat,long sleeves,yellow ribbon",black pants,,,,,,,,,,,,,,,,,,,
46,明羅,,"meira \(touhou\), ponytail, hair ribbon,purple hair",,"japanese clothes, kimono, wide sleeves",,,,,,,,,,,,,,,,,,,,
47,里香,,"rika\(touhou\),brown hair,braids",,dress shirt,,,,,,,,,,,,,,,,,,,,
48,ルイズ,,"louise \(touhou\), blonde hair,medium hair,updo","(hat:1.3),white round brim hat with purple bow,white hat",white dress,,,,,,,,,,,,,,,,,,,,
49,さとり,,"Komeiji Satori,pink hair",,,,,,,,,,,,,,,,,,,,,,
50,フラン,,"flandre scarlet,blonde hair",zun hat,,,,,,,,,,,,,,,,,,,,,
51,にとり,,"kawashiro nitori,two side up, hair bobbles",hat,blue shirt,,rubber boots,"backpack,key",,,,,,,,,,,,,,,,,
52,鈴仙,,"Reisen Udongein Inaba, purple hair,very long hair, rabbit ears, red eyes",,"black jacket,open jacket,necktie,white shirt",pink skirt,,,,,,,,,,,,,,,,,,,
53,てゐ,,"Inaba Tewi,short hair,brown hair,rabbit ears, red eyes",,"pink dress,short sleeves, carrot necklace",,,,,,,,,,,,,,,,,,,,
54,パチュリー,,patchouli knowledge,hat,,,,,,twintails,,,,,,,,,,,,,,,
55,白蓮,,"Hijiri Byakuren,multicolored hair,long hair,yellow eyes",,"cape,layered dress,long sleeves",,,"ajirogasa,necklace",,,,,,,,,,,,,,,,,
56,神子,,"toyosatomimi no miko,pointy hair,earmuffs,brown hair, short hair,brown eyes",,"cape,bracelet, sleeveless, ribbon",skirt,,,,,,,,,,,,,,,,,,,
57,こころ,,"HATA NO KOKORO,pink hair,pink eyes,bow,fox mask",,long sleeves,"plaid shirt,bubble skirt",,,,"animal girl,animal ear",,,,,,,,,,,,,,,
58,美鈴,,"hong meiling,red hair",,,,,,,,,,,,,,,,,,,,,,
59,小悪魔,,"koakuma,wings",,"vest,necktie",skirt,,,,,,,,,,,,,,,,,,,
60,パルスィ,,"Mizuhashi Parsee,blonde hair, pointy ears, ponytail, short hair,green eyes",,"scarf,arm warmers",skirt,,,,,,,,,,,,,,,,,,,
61,妹紅,,Fujiwara no Mokou,,,,,,,,,,,,,,,,,,,,,,
62,輝夜,,"houraisan kaguya,black hair,long hair,red eyes",,wide sleeves,skirt,,jeweled branch of hourai,,,,,,,,,,,,,,,,,
63,影狼,,"imaizumi kagerou,animal ears, brown hair,long hair,red eyes, wolf tail",,"long sleeves,dress,brooch",,,,,,,,,,,,,,,,,,,,
64,勇儀,,"Hoshiguma Yuugi,single horn, pointy ears, blonde hair, long hair,yellow eyes",,"shackles ,white shirt",skirt,,,,double horn,,,,,,,,,,,,,,,
65,椛,,"Inubashiri Momiji,white hair,touhou",,,,,,,,,,,,,,,,,,,,,,
66,幽々子,,"saigyouji yuyuko,pink hair",zun hat,,,,,,blue hair,,,,,,,,,,,,,,,
67,慧音,,"kamishirasawa keine,blue hair,long hair,red eyes",hat,"bow,dress,short sleeves",,,,,"horns,horn bow",,,,,,,,,,,,,,,
68,幽香,,"Kazami Yuuka,green hair",,"red plaid vest,long sleeves",,,,,,,,,,,,,,,,,,,,
69,マミゾウ,,"futatsuiwa mamizou,brown hair,green eyes,short hair,animal ears,glasses",leaf on head,short sleeves,"red skirt,bloomers,raccon tail",,,,,,,,,,,,,,,,,,,
70,小鈴,,"Motoori Kosuzu,kosuzu,hair bell",,"checkered kimono ,checkered clothes,yellow apron",,,,,,,,,,,,,,,,,,,,
71,針妙丸,,"sukuna shinmyoumaru, minigirl,ahoge,purple hair, short hair,red eyes",bowl hat,"japanese clothes,frilled kimono,obi,sash,long sleeves, wide sleeves",,,,,,,,,,,,,,,,,,,,
72,永琳,,"yagokoro eirin,long hair,braid,blue eyes,white hair",nurse cap,"multicolored clothes,multicolored dress,short sleeves",,,,,,,,,,,,,,,,,,,,
73,蛮奇,,"sekibanki,red hair,hair bow,red eyes,short hair",,"cape,long sleeves, shirt",skirt,,,,,,,,,,,,,,,,,,,
74,レティ,,"letty whiterock, short hair, light purple hair, purple eyes, ",hat,"scarf, long sleeves,puffy sleeves,waist apron,",skirt,,,,,,,,,,,,,,,,,,,
75,メディスン,,"medicine melancholy, blonde hair, short hair,ribbon,blue eyes",,"black shirt,bow",red skirt,,,,,,,,,,,,,,,,,,,
76,小町,,"onozuka komachi,red eyes, hair bobbles, red hair, two side up ,%高身長%",,"blue dress,short sleeves, puffy sleeves, sash, obi",,tabi,,,,,,,,,,,,,,,,,,
77,静葉,,"aki shizuha, blonde hair, short hair, yellow eyes, leaf hair ornament",,"red shirt,long sleeves",red skirt,,,,,,,,,,,,,,,,,,,
78,穣子,,"aki minoriko,blonde hair,short hair,red eyes","red hat,grapes","wide sleeves, dress,ribbon",,,,,,,,,,,,,,,,,,,,
79,雛,,"kagiyama hina, green hair, green eyes, front ponytail,ribbon, hair ribbon",,"red dress, frills,arm ribbon, short sleeves",,cross-laced footwear,,,,,,,,,,,,,,,,,,
80,阿求,,"hieda no akyuu,Akyuu,purple hair,(white flower on hair:0.8)",,"green Kimono,japanese clothes,yellow sleeves",",red hakama",,,,,,,,,,,,,,,,,,,
81,蓮子,,"usami renko, short black hair",black victorian hat,"black capelet, red tie, white shirt",black pleated skirt,,,,,,,,,,,,,,,,,,,
82,メリー,,"maribel hearn, short wavy hair, blonde hair, golden eyes","hat, white hat",purple dress,,,,,,,,,,,,,,,,,,,,
83,キスメ,,"kisume,green hair,hair bobbles,twintails, green eyes",,"japanese clothes,white clothes",,,"bucket,in bucket,in container",,,,,,,,,,,,,,,,,
84,ヤマメ,,"kurodani yamame,blonde hair,short hair, hair bow,brown eyes,ponytail",,"dress, ribbon",,,,,,,,,,,,,,,,,,,,
85,一輪,,"kumoi ichirin, blue eyes,blue hair",(hood:1.1),"kesa,wide sleeves,jewelry,capelet,dress",,,,,,,,,,,,,,,,,,,,
86,ムラサ,,"murasa minamitsu,green eyes,short hair,black hair","hat,sailor","sailor collar,white shirt",white skirt,,,,,,,,,,,,,,,,,,,
87,星,,"toramaru shou,blonde hair,multicolored hair,short hair,hair ornament,yellow eyes",,"shawl,ribbon, long sleeves, wide sleeves,shirt","tiger print,red skirt,white pants",,,,,,,,,,,,,,,,,,,
88,響子,,"kasodani kyouko,animal ears, green hair,short hair,green eyes",,"long sleeves,dress",,,,,,,,,,,,,,,,,,,,
89,芳香,,"miyako yoshika,ofuda,blue hair,short hair,blue eyes,pale skin, jiangshi","hat,star hat ornament","tangzhuang,red shirt,short sleeves",skirt,,"zombie pose, outstretched arms",,,,,,,,,,,,,,,,,
90,青娥,,"kaku seiga, blue hair,short hair,blue eyes,hair rings,hair stick",,"shawl,hagoromo,open vest,white vest,short sleeves, blue dress,flower",floral print,,,,,,,,,,,,,,,,,,,
91,屠自古,,"soga no tojiko, green hair,short hair,green eyes",hat,"long sleeves, green dress",,,"ghost tail,ghost legs,",,feet,,,,,,,,,,,,,,,
92,布都,,"mononobe no futo, long hair,grey hair, ponytail, grey eyes",hat,"shirt,ribbon,japanese clothes,wide sleeves, long sleeves",skirt,,,,,,,,,,,,,,,,,,,
93,わかさぎ姫,,"wakasagihime,mermaid, monster girl,blue hair,short hair,blue eyes,head fins",,"japanese clothes, kimono,sash,obi,wide sleeves, long sleeves",,,,,,,,,,,,,,,,,,,,
94,弁々,,"tsukumo benben, purple hair, hair ornament,long hair, flower,purple eyes, twintails",,"long sleeves, dress",,,,,,,,,,,,,,,,,,,,
95,八橋,,"tsukumo yatsuhashi,brown hair, short hair,brown eyes,hairband",,"long sleeves, shirt",skirt,,,,,,,,,,,,,,,,,,,
96,雷鼓,,"horikawa raiko,red hair,short hair,red eyes",,"necktie,white jacket,shirt",white skirt,,,,,,,,,,,,,,,,,,,
97,正邪,,"kijin seija, horns,short hair,multicolored hair,red eyes,bow",,"short sleeves, bracelet, dress",,,,,,,,,,,,,,,,,,,,
98,依姫,,"watatsuki_no_yorihime,purple hair,ponytail,yellow ribbon, purple_hair, long_hair,very_long_hair",,"red clothes,single_strap, loose_belt, white sleeves, gold_bracelet","long_skirt, opened_long_skirt,",,,,,,,,,,,,,,,,,,,
99,豊姫,,"watatsuki_no_toyohime, long hair, blonde hair, red eyes","white hat, hat_ribbon","white sleeves, pinafore_dress, purple_blue_dress,single_strap, loose_belt",,,,,,,,,,,,,,,,,,,,
100,レイセン,,reisen \(touhou bougetsushou\) skyblue hair,,,,,,,,,,,,,,,,,,,,,,
101,朱鷺子,,"tokiko, head wings, wings, two-tone hair, blue hair, white hair, red eyes",,dress,,,,,,,,,,,,,,,,,,,,
102,神綺,,"Shinki \(touhou\), light blue eyes, white hair, side ponytail, 1girl, hair bobbles, long hair, multiples wings",,"red dress, long sleeves, capelet, frilled capelet,black bowtie",,boots,,,,,,,,,,,,,,,,,,
103,夢子,,"yumeko \(touhou\), long_hair, blonde_hair",maid_headdress,red dress,,,,,,,,,,,,,,,,,,,,
104,ユキ,,"yuki \(touhou\), blonde hair, medium hair",black hat,"dress shirt,black vest",black skirt,,,,,,,,,,,,,,,,,,,
105,マイ,,"mai \(touhou\), skyblue hair, medium hair,white bow,(hair bow:1.2),white wings",,white dress,,,,,,,,,,,,,,,,,,,,
106,菫子,,"usami sumireko, brown hair,low twintails,glasses,brown eyes","hat,hat bow","cape,boo tie,plaid vest,shirtlong sleeves,  clothes writing,bolo tie",plaid skirt,,,,,,,,,,,,,,,,,,,
107,清蘭,,"seiran \(touhou\),rabbit ears,earclip,long hair,  blue hair, red eyes",,"collarbone,  puffy short sleeves, blue dress,frilled dress,star print","bloomers,crescent print",,,,,,,,,,,,,,,,,,,
108,鈴瑚,,"ringo \(touhou\),rabbit ears,blonde hair,short hair,red eyes, blonde hair","hat, flat cap","orange shirt, navel, short sleeves",yellow shorts,,,,,,,,,,,,,,,,,,,
109,ドレミー,,"doremy sweet, blue hair,short hair,blue eyes",nightcap,"short sleeves, dress,pom pom \(clothes\)",,,tapir tail,,,,,,,,,,,,,,,,,
110,サグメ,,"kishin sagume,white hair,short hair,  red eyes, single wing",,"bow, white jacket, purple dress,long sleeves",,,,,,,,,,,,,,,,,,,,
111,クラウンピース,,"clownpiece,long hair,blonde hair, red eyes,fairy wings",jester cap,"neck ruff, striped dress, star (symbol), star print, polka dot, short sleeves, american flag dress, short dress",pantyhose,,,,,,,,,,,,,,,,,,,
112,純狐,,"junko \(touhou\),long hair,orange hair","hat,crescent,tassel,pom pom \(clothes\)","yellow ribbon,long sleeves, chinese clothes, tabard,black dress,sash",,,"energy, tails",,,,,,,,,,,,,,,,,
113,ヘカーティア,,"hecatia lapislazuli,red hair,short hair,red eyes",polos crown,"chain,collar,off shoulder shirt,clothes writing,belt","multicolored skirt,plaid skirt,miniskirt","moon \(ornament\), earth \(ornament\)",,,,,,,,,,,,,,,,,,
114,くるみ,,"kurumi \(touhou\),blonde hair,long hair,white ribbon,devil wing",,"suspenders,dress shirt",black skirt,,,,,,,,,,,,,,,,,,,
115,エリー,,"Elly \(touhou\), blonde hair,medium hair,(curly hair:1.1),(drill hair:0.7)","(hat:1.3),white round brim hat with red bow,white hat,hat_ribbon,",red dress,,,,,,,,,,,,,,,,,,,,
116,夢月,,"Mugetsu \(touhou\), short hair, yellow eyes, blonde hair","maid headdress, ","maid, blue dress",,,,,,,,,,,,,,,,,,,,
117,幻月,,"Gengetsu \(touhou\),wings, blonde hair, yellow eyes, short hair, hair bow, parted bangs, separated bangs",,"red vest, white dress",,,,,,,,,,,,,,,,,,,,
118,ラルバ,,"Eternity Larva, antennae, leaf on head,short hair, aqua hair, brown eyes, butterfly wings,fairy",,"short sleeves, multicolored clothes,multicolored dress",,,,,,,,,,,,,,,,,,,,
119,ネムノ,,"sakata nemuno,long hair,grey hair,wavy hair, red eyes",,"bare shoulders, single strap, multicolored dress,long sleeves",,,,,,,,,,,,,,,,,,,,
120,あうん,,"single horn,long hair,green hair,curly hair,green eyes,tail",,"red shirt,collared shirt, ,short sleeves,cloud print,buttons",shorts,,,,,,,,,,,,,,,,,,,
121,成美,,"Yatadera Narumi,long hair,black hair,red eyes,twin braids,long earlobes","hat,ajirogasa","red capelet,grey dress,long sleeves, buttons, clothes writing",,,,,,,,,,,,,,,,,,,,
122,舞,,"teireida mai, short hair with long locks, green hair,green eyes","hat,tate eboshi","short sleeves,bow,green dress, frills","waist apron,ribbon",,,,,,,,,,,,,,,,,,,
123,里乃,,"nishida satono, short hair with long locks, brown hair,purple eyes","hat,tate eboshi","short sleeves,bow,purple dress, frills","waist apron,ribbon",,,,,,,,,,,,,,,,,,,
124,隠岐奈,,"matara okina,long hair,blonde hair, yellow eyes",hat,"long sleeves,wide sleeves,detached sleeves, white shirt, tabard, constellation print",green skirt,,"drum,instrument,aura,energy, transparent background",,,,,,,,,,,,,,,,,
125,女苑,,"yorigami jo'on,red bow,hair bow,brown hair, drill hair,orange eyes,earrings","top hat,hat bow,sunglasses,eyewear on head",",gem, jewelry, bow, ring,pendant,necklace,buckle, high collar,long sleeves,wide sleeves,bracelet, purple coat, open clothes, belt, white dress,red ribbon, floral print",,,,,,,,,,,,,,,,,,,,
126,紫苑,,"yorigami shion, very long hair, absurdly long hair, blue hair, blue eyes,hair bow, shaded face",,"hoodie,short sleeves,  debt, bracelet,stuffed cat,damaged",blue skirt,,,,,,,,,,,,,,,,,,,
127,瓔花,,"ebisu youka,blonde hair,long hair,long earlobes,brown eyes (dark skin,dark-skinned female:0.8)",,"blouse,white shirt","frills skirt, white skirt, skirt set",,,,,,,,,,,,,,,,,,,
128,潤美,,"ushizaki urumi ,red horns, split-color hair,ahoge,cow ears,red eyes,cow tail",,"cleavage,haori, wide sleeves, japanese clothes,crop top,  navel, cow print","yellow shorts,frilled shorts",,,,,,,,,,,,,,,,,,,
129,久侘歌,,"niwatari kutaka,blonde hair, red hair,short hair,multicolored hair, bird on head,red eyes,wings,,bird tail",,"red ribbon,short sleeves,white shirt, orange dress",,,,,,,,,,,,,,,,,,,,
130,八千慧,,"kicchou yachie, dragon horns,blonde hair, short hair,red eyes,, dragon tail,dragon girl",,"ribbon,short sleeves,blue shirt, turtle shell","blue skirt, pleated skirt",,,,,,,,,,,,,,,,,,,
131,磨弓,,"joutouguu mayumi,double bun,blonde hair,short hair,hair ribbon,yellow eyes,",,"short sleeves,vambraces, armored dress, white shirt",white pants,,"holding,haniwa \(statue\)",,,,,,,,,,,,,,,,,
132,袿姫,,"haniyasushin keiki, blue hair,long hair,red eyes",head scarf,"jewelry,magatama necklace,long puffy sleeves,  arm ribbon,single strap, yellow dress,green apron, pocket",,,,,,,,,,,,,,,,,,,,
133,早鬼,,"kurokoma saki,black hair,long hair,ponytail,red eyes ,wings,horse tail",cowboy hat,"bandana,white scarf,multicolored clothes,bare shoulder,short sleeves,blue shirt,multicolored dress","brown skirt,plaid skirt,overskirt",,,,,,,,,,,,,,,,,,,
134,美宵,,"okunoda miyoi,pink hair",animal hat,"short sleeves,blue shirt",purple skirt,,,,,,,,,,,,,,,,,,,
135,ミケ,,"godoukuji mike,cat ears,multicolored hair, white hair,short hair,orange eyes, cat tail,calico",,"neck bell,collar,crop top, multicolored shirt,short sleeves, navel",multicolored skirt,,,,,,,,,,,,,,,,,,,
136,たかね,,"yamashiro takane,green hair,medium hair,green eyes",hat,"camouflage,key,camouflage shirt,long sleeves","camouflage skirt,frilled skirt,pocket",,,,,,,,,,,,,,,,,,,
137,駒草,,"komakusa sannyo,purple hair, ponytail,long hair,yellow ribbon, red eyes",,"japanese clothes,red kimono,long sleeves,wide sleeves",purple skirt,,,,,,,,,,,,,,,,,,,
138,魅須丸,,"tamatsukuri misumaru,tiara,blonde hair,brown hair, multicolored hair,short hair,brown eyes",,"orb,jewelry,gem, magatama, rainbow orde,red vest,white shirt,puffy short sleeves,sash",orange skirt,,,,,,,,,,,,,,,,,,,
139,典,,"kudamaki tsukasa, fox girl,fox ears, blonde hair, short hair,yellow eyes,fox tail",,"ribbon, green ribbon,mandarin collar, short sleeves,white romper",,,,,,,,,,,,,,,,,,,,
140,龍,,"iizunamaru megumu, long hair,blue hair,red eyes",tokin hat,"shoulder armor,single pauldron, gem,sleeveless coat,black coat, dress","frilled dress,ribbon trim,pom pom \(clothes\)",,,,,,,,,,,,,,,,,,,
141,千亦,,"tenkyuu chimata, short hair,purple hair,purple eyes",multicolored hairband,"white cape,sky print,long sleeves,multicolored dress,patchwork clothes,cloak",,,,,,,,,,,,,,,,,,,,
142,百々世,,"Himemushi Momoyo,long hair,blue hair,messy hair,ahoge,blue eyes",,"jewelry, ring,arm ribbon,orange bow,short sleeves,black shirt,navel",black skirt,leg ribbon,,,,,,,,,,,,,,,,,,
143,尤魔,,"toutetsu yuuma,white hair,short hair,curly hair,sheep horns, horn ribbon, pointy ears, earrings, sharp teeth, red eyes",,"jewelry, patterned clothing,red sleeves, detached sleeves, bare shoulders,blue vest",blue skirt,,,,,,,,,,,,,,,,,,,
144,影華扇,,"kasen ibaraki, kasenarm, pink hair, pink eyes, horns",,"manacles, tabard, puffy sleeves, short sleeves",green skirt,,,,animal ear,,,,,,,,,,,,,,,
145,小兎姫,,"red hair,low ponytail,long hair",,"japanese cloth,purple kimono",,,,,,,,,,,,,,,,,,,,
146,エリス,,"elis \(touhou\), blond hair,long hair,red hairbow,devil wing",,",red dress",,,,,,,,,,,,,,,,,,,,
147,サリエル,,"sariel_\(touhou\), toriel, silver_blue_hair, red_eyes, , hair_between_eyes, very_long_hair, wings, ((multiple wings, seraph)), angel wings, feathered wings, angel_with_six_wings, white wings,",,"purple dress, emblem_on_chest, tabard, long_sleeves",,,,,,,,,,,,,,,,,,,,
148,サラ,,"sara\(touhou\), pink hair,(one side up)",,"red dress, white sleeves, short sleeves",,,,,,,,,,,,,,,,,,,,
149,オレンジ,,"orange \(touhou\),red hair,long hair","yellow hat,mobcap",green dress,,,,,,,,,,,,,,,,,,,,
150,コンガラ,,"Konngara \(touhou\), black hair, ponytail, single horn, ribbon, oni horn",,"wide sleeves, red kimono, long sleeves, sleeveless kimono, grey sleeve,sash",,,,,,,,,,,,,,,,,,,,
151,ユウゲンマガン,,yuugenmagan,,,,,,,,,,,,,,,,,,,,,,
152,キクリ,,kikuri \(touhou\),,,,,,,,,,,,,,,,,,,,,,
153,美天,,"son biten, brown eyes, long hair, monkey tail, brown hair, tail",,"bare shoulders, weapon, detached sleeves,jewelry, staff",,,,,,,,,,,,,,,,,,,,
154,慧ノ子,,"mitsugashira enoko,dog ears,white hair,multicolored hair",,"jewelry, off shoulder",skirt,,hand snare,,,,,,,,,,,,,,,,,
155,ちやり,,"tenkajin chiyari ,single horn,sharp teeth",,green shirt,shorts,,,,,,,,,,,,,,,,,,,
156,日狭美,,"yomotsu hisami , black hair, long hair","(leaf, veil like petals of lobelia erinus)","purple dress, elbow gloves",side slit,,covered eyes,,,,,,,,,,,,,,,,,
157,残無,,"nippaku zanmu, oni,horns,black hair,long hair",,,,,,,,,,,,,,,,,,,,,,
xxx,きもけーね（未実装,,"ex-keine,greenhair,horns,horn bow,long hair,red eyes,bow, tail",,"green dress,short sleeves",,,,,blue dress,,,,,,,,,,,,,,,
