名称,プロンプト,ネガティブ,備考
基礎プロンプト,"<lora:Hyper-SDXL-1step-lora:1.0>,masterpiece, best quality","low quality, worst quality",すべての生成で必ず記入されるプロンプト
人物プロンプト,,,キャラクター描写の時記入される
,,,
,,,
AFTER用事後Lora,"<lora:murkysAfterSexLying_1:1:1:lbw=CT>,(looking away,trembling:1.3)",(looking viewer),
AFTER用精液溢れ,"(cumdrip),cum drip,fucked silly, (cum pool:1.2),cum in pussy,pussy filled semen,(((cum on breasts,cum on stmach,cum on body,cum on face,scattered cum,bukkake)))",penis,
,,,
,,,
,,,
主人が射精,(semen splash:1.5),,
主人が大量射精,"(semen splash,excessive cum:1.5)",,
噴乳,"(lactation, projectile lactation:1.2)",,
放尿,"(squirt urination,peeing:1.2)",,
処女喪失,"(defloration blood from pussy,ryona:1.1)",,効かない
今回の調教で処女喪失,,,その調教の間ずっと(V描画ありの時)
,,,
,,,
妊娠中期,"<lora:nikePregnant_v10:0.1:1:lbw=NC>,PREGNANT",,大きさがまったく安定しない
妊娠後期,"<lora:nikePregnant_v10:0.4:1:lbw=NC>,PREGNANT",,
,,,
時間停止,__timestop__,,無表情なのは本意ではないがカメラ目線よりはマシ
睡眠中,"sleeping,closed eyes,lying",,
,,,
,,,
上着脱衣済み,"nsfw,bare shoulders,bare skin,(collarbone,navel,bare legs:0.8)","(jacket,skirt)",
ブラ〇パンツ〇,"underwear only, In her underwear",nipples,
ブラ〇パンツ×,"no panties,bottomless,her lower body is naked","nipples,panties",
ブラ×パンツ〇,"topless,nipples",,
ブラ×パンツ×,completely nude,,
