MAPID,MAP,Str,場所ID,地名,室内外,プロンプト,ネガティブ,備考
0,MAP神社,1,1,鳥居,,Str6001まで要らない,,
0,MAP神社,2,2,境内,,,,
0,MAP神社,3,3,賽銭箱,,,,
0,MAP神社,4,4,本殿,,,,
0,MAP神社,5,5,手水舎,,,,
0,MAP神社,6,6,物置,,,,
0,MAP神社,7,7,土間,,,,
0,MAP神社,8,8,台所,,,,
0,MAP神社,9,9,居間,,,,
0,MAP神社,10,10,縁側,,,,
0,MAP神社,11,11,庭（訓練可能）,,,,
0,MAP神社,12,12,脱衣所,,,,
0,MAP神社,13,13,風呂,,,,
0,MAP神社,14,14,トイレ,,,,
0,MAP神社,15,15,霊夢私室,,,,
0,MAP神社,16,16,ボロ小屋,,,,
0,MAP神社,17,17,小さい納戸,,,,
0,MAP神社,18,18,押入れ,,,,
0,MAP神社,19,19,大きい納戸,,,,
0,MAP神社,20,20,本殿の裏,,,,
0,MAP神社,21,21,守矢神社分社,,,,
0,MAP神社,22,22,参道,,,,
,,23,,温泉・脱衣所,,,,
0,MAP神社,24,24,温泉,,,,
0,MAP神社,25,25,鎮守の森,,,,
,,26,,三妖精の家・入口,,,,
,,27,,三妖精の家・広間,,,,
,,28,,三妖精の家・階段,,,,
,,29,,三妖精の家・キッチン,,,,
,,30,,三妖精の家・風呂,,,,
,,31,,三妖精の家・二階廊下,,,,
0,MAP神社,32,32,サニー私室,,,,
0,MAP神社,33,33,ルナ私室,,,,
0,MAP神社,34,34,スター私室,,,,
,,35,,三妖精の家・地下室,,,,
0,MAP神社,36,36,夢幻遺跡前,,,,
,,37,,夢幻遺跡・一階通路,,,,
,,38,,夢幻遺跡・洗面所,,,,
,,39,,夢幻遺跡・浴室,,,,
,,40,,夢幻遺跡・トイレ,,,,
,,41,,夢幻遺跡・食堂兼談話室,,,,
,,42,,夢幻遺跡・調理室,,,,
0,MAP神社,43,43,夢美私室,,,,
0,MAP神社,44,44,ちゆり私室,,,,
,,45,,夢幻遺跡・階段,,,,
,,46,,夢幻遺跡・二階通路,,,,
,,47,,夢幻遺跡・艦橋,,,,
,,48,,夢幻遺跡・第一資料室,,,,
,,49,,夢幻遺跡・研究室,,,,
,,50,,夢幻遺跡・第二資料室,,,,
,,51,,夢幻遺跡・倉庫,,,,
0,MAP神社,52,52,離れ,,,,
0,MAP神社,53,53,納戸,,,,
0,MAP神社,54,54,小人の虫かご,,,,
0,MAP神社,55,55,和室,,,,
0,MAP神社,56,56,参道の向こう,,,,
,,98,,お招き部屋,indoor,Invitation room,,
,,5000,,博麗神社,,Hakurei Shrine,,
,,5001,,命蓮寺,,Rimenji Temple,,
,,5002,,人間の里,,Human village,,
,,5003,,博麗神社,,"outdoor,In the woods,(Japanese Shrine precincts)",,
,,5003,,霧の湖～紅魔館,,Kirinakan -Kamaikan,,
,,5004,,迷いの竹林,,Humeless bamboo forest,,
,,5005,,魔法の森,,Magical forest,,
,,5006,,三途の川～冥界,,Sanno River -Underworld,,
,,5007,,妖怪の山 (山麓),,Mountain of Youkai (Foot Foot),,
,,5008,,妖怪の山 (山頂),,Mountain of youkai (summit),,
,,5009,,地底,,Underground,,
,,5010,,夢の世界～月,,Dream world -moon,,
,,6001,,桜並木の鳥居,,"torii, countryside, hakurei shrine ",,
,,6002,,神社境内,,"Precincts, countryside, hakurei shrine ,cobblestone",,
,,6003,,神社本堂,indoor,Shrine main hall,,
,,6004,,神社縁側,,Shrine border,,
,,6005,,妖精の大樹,,Fairy Daiki,,
,,6006,,夢幻遺跡,indoor,Dread archeological site,,
,,6011,,お地蔵通り,,"stone floor,cobblestone road,Jizo statues lined up",,
,,6011,,命蓮寺参道,,"stone floor,cobblestone road",,
,,6012,,枝垂れ柳の下,,Under the weeping willow,,柳の木が出せない
,,6013,,命蓮寺境内,,"temple precincts,stone floor,cobblestone,countryside,shrub,stone lantern",,
,,6014,,命蓮寺方丈,indoor,%和室%,,
,,6015,,墓地,,"buddhism, Graveyard, tombstones",,
,,6016,,聖徳道場,indoor,Virgin dojo,,
,,6016,,神霊廟広場,,"open field,large temple gate,chinese architecture,taoist,stone floor, yellow roof",,
,,6017,,神霊廟道場,indoor,%和室%,,
,,6021,,広場,,"Square,countryside, (traditional japanese houses:0.8)",,
,,6022,,商家町,,"main street, Taisho period,Showa era,(traditional japanese houses:0.8),houses with white wall",,
,,6023,,呑屋小道,,"entertainment district, Taisho period,Showa era,(traditional japanese houses:0.8)",,
,,6024,,寺子屋,indoor,%和室%,,
,,6025,,大衆浴場,indoor,"sento,public bathhouse,wooden,steam",,
,,6026,,連れ込み宿,indoor,%和室%,,
,,6027,,長屋街,,"main street, Taisho period,Showa era,(traditional japanese houses:0.8)",,
,,6028,,大衆浴場,indoor,Public bath,,
,,6029,,名家の屋敷,indoor,The residence of a famous family,,
,,6031,,霧の湖,,"large lake ,Horizon,foggy landscape,fog",,
,,6032,,氷のかまくら,,"remaining snow,igloo,snow igloo,green grass",,
,,6033,,廃洋館,indoor,%洋室%,,
,,6034,,正門,,"Main gate,fence,In front of the gate,castle gate,red mansion",,
,,6035,,広間,indoor,"hall,red floor",,
,,6036,,食堂,indoor,"dining room,dining table,tablecloth,red floor",,
,,6037,,大図書館,indoor,"Large library, red floor",,
,,6038,,地下室,indoor,"Basement,dark scene",,
,,6041,,竹林入り口,,Bamboo forest entrance,,
,,6042,,迷いの小道,,"Bamboo forest,A hesitation path",,
,,6043,,斜角の竹林,,Bamboo forest at the oblique angle,,
,,6044,,兎の洞穴,indoor,"in cave,Rabbit cave",,
,,6045,,永遠亭,indoor,%和室%,,
,,6046,,無名の丘,,"outdoors,lily of the valley flower field",,
,,6047,,太陽の畑,,"outdoors,sunflower field",,
,,6048,,永遠亭奥ノ院,indoor,%和室%,,
,,6049,,夢幻館,indoor,%洋室%,,
,,6051,,森の入り口,,"outdoors,Forest entrance",,
,,6052,,香霖堂,indoor,"in junk shop,day,antique store , variety store",,
,,6053,,古木の大樹,,"outdoors,Old tree big tree",,
,,6054,,霧雨魔法店,indoor,"in junk shop,antique store , variety store",,
,,6055,,人形の洋館,indoor,%洋室%,,
,,6056,,再思の道,,"outdoors,red spider lily flower field",,
,,6057,,無縁塚,,"outdoors,red spider lily flower field,Devastated land,Landscape with a frightening atmosphere,rocks","tree,grass",
,,6061,,中有の道,,Road in the middle,,
,,6062,,三途の川,,"Styx, river, in a boat",,
,,6063,,マヨヒガ,indoor,%和室%,,
,,6064,,彼岸,,"The chair in which King Enma sits is a traditional high-backed armchair, which is designed with a notably elevated backrest. The design of the chair is luxurious, indicative of authority and is adorned with decorations. The seating area is covered with fabric or cushioning, considering comfort for extended periods.,The desk before him is square-shaped and sturdily built, with a broad working surface suitable for spreading out documents and ledgers.",,
,,6065,,白玉楼庭,,"A traditional Japanese garden, with white gravel spread out and well-maintained shrubs lined up.",,
,,6066,,白玉楼,indoor,%和室%,,
,,6067,,地獄,,"view of hell ,lava, fire",,
,,6068,,畜生界,,"science fiction,  cyberpunk , skyscrapers,neon lights,growing",,
,,6069,,霊長園,,"future,virtual space, holograms,neon lights,growing",,
,,6071,,麓の樹海,,in the forest,,
,,6072,,玄武の沢,,"outdoors,tree,river",,
,,6073,,大蝦蟇の池,,Pond in forest,,
,,6074,,正邪の隠れ家前,,In front of the hideaway,,
,,6075,,仙人の屋敷,indoor,%和室%,,
,,6076,,間欠泉地下センター,indoor,"Underground Nuclear Fusion Institute,fusion reactor",,
,,6077,,森の深奥,,Deep in the forest,,
,,6081,,九天の滝,,"(extreme majestic waterfalls:1.1),cliff",,
,,6082,,絶景の丘,,Hill of a superb view,,
,,6083,,山の湖,,Mountain lake,,
,,6084,,守矢神社境内,,Moriya Shrine precincts,,
,,6085,,守矢神社本殿,,Moriya Shrine main shrine,,
,,6086,,虹龍洞,indoor,"in the cave, ore mine",,
,,6089,,天界,,"Heaven, above the clouds",,
,,6091,,幻想風穴,indoor,"in cave,dark scene",,
,,6092,,地獄の深道,indoor,"in cave,dark scene",,
,,6093,,旧地獄街道,indoor,"outdoor,In the streets of Edo,Lots of dimly glowing lanterns","door,bed,sheet,pillow",
,,6094,,旧地獄温泉,indoor,Former Hell Hot Spring,,
,,6095,,ラブホ,indoor,"love hotel,hotel room,bed sheet",,
,,6096,,地霊殿,indoor,%洋室%,,
,,6097,,灼熱地獄跡,indoor,"hell, mantle, lava,lava sea",,
,,6101,,槐安通路,indoor,"in the space, stars,(nebula:0.8)",,
,,6105,,月の都,,"outdoors,Ancient Chinese capital city streets,night sky,stars,Imperial Palaces of the Ming and Qing Dynasties",,
,,6106,,綿月亭,indoor,%和室%,,
,,6107,,玉兎の街,,"outdoors,Ancient Chinese capital city streets,World Heritage,night sky,stars",,
,,6108,,桃林~砂浜,,"outdoors,peach orchard,fruit garden,fruit tree,(peach:1.1),sand ground,night sky,stars",,
,,6109,,静かの海,,"sea,horizon,sand,stars,night sky","(wave,cloud:1.2),tree,grass",
,,8001,,鳥居,,"torii, countryside, hakurei shrine ",,
,,8002,,境内,,"Precincts, countryside, hakurei shrine,cobblestone",,
,,8003,,賽銭箱,,"Offering Box,shimenawa,bell,hakurei shrine  ,shrine office ,wooden stairs",,
,,8004,,本堂,indoor,"Main hall, countryside, hakurei shrine ",,
,,8005,,手水舎,,"Precincts, countryside, hakurei shrine",,
,,8006,,物置,indoor,%木造の小部屋%,,
,,8007,,土間,,%土間%,,
,,8008,,台所,indoor,%土間の台所%,,
,,8009,,居間,indoor,"living room,tatami",modern,
,,8010,,縁側,,"porch,veranda,shouji,wooden floor, countryside","fence,chair,table",
,,8011,,庭,outdoor,"Japanese garden, countryside, hakurei shrine ",,
,,8012,,脱衣所,indoor,"Dressing room, hakurei shrine ",window,
,,8013,,風呂,indoor,%昔の風呂%,🚿,
,,8014,,トイレ,indoor,%昔のトイレ%,,
,,8015,,霊夢私室,indoor,%和室%,,
,,8016,,ボロ小屋,indoor,in Ragged hut,,
,,8017,,小さい納戸,indoor,%木造の小部屋%,,
,,8018,,押入れ,indoor,%木造の小部屋%,,
,,8019,,大きい納戸,indoor,%木造の小部屋%,,
,,8020,,本殿の裏,,"outdoors,bare soil ground,open area surrounded by forest,(Exterior of old wooden house:0.8),tree",,
,,8021,,守矢神社分社,,"a small shrine,stone floor,cobblestone road,(stone lantern:0.8),tree",,
,,8022,,参道,,"very long stone stairs ,steep stairs,cobblestone, forest",,
,,8023,,温泉・脱衣所,,Hot spring / dressing room,,
,,8024,,温泉,,"hot spring,open-air bath,rocks,hot water,steam,foggy,tree",,
,,8025,,鎮守の森,,Guardian forest,,
,,8026,,三妖精の家・入口,indoor,"natural wodden house, simple interior, hall",,
,,8027,,三妖精の家・広間,indoor,"natural wodden house, simple interior, hall",,
,,8028,,三妖精の家・階段,indoor,"natural wodden house, simple interior, Stairs",,
,,8029,,三妖精の家・台所,indoor,"natural wodden house, simple interior, Kitchen",,
,,8030,,三妖精の家・風呂,indoor,"natural wodden house, simple interior, bath",,
,,8031,,三妖精の家・二階廊下,indoor,"natural wodden house, simple interior, corridor",,
,,8032,,サニー私室,indoor,girl's room,,
,,8033,,ルナ私室,indoor,girl's room,,
,,8034,,スター私室,indoor,girl's room,,
,,8035,,三妖精の家・地下室,indoor,"natural wodden house, simple interior, basement",,
,,8036,,夢幻遺跡前,,"Mysterious futuristic architecture ,ufo,in forest",,
,,8037,,夢幻遺跡・一階通路,indoor,Inside a science fiction-like spaceship,,「SFのような宇宙船の内装」
,,8038,,夢幻遺跡・洗面所,indoor,"Inside a science fiction-like spaceship,washroom",,
,,8039,,夢幻遺跡・浴室,indoor,"Inside a science fiction-like spaceship,bath",,
,,8040,,夢幻遺跡・トイレ,indoor,"Inside a science fiction-like spaceship,toilet",,
,,8041,,夢幻遺跡・食堂兼談話室,indoor,"Inside a science fiction-like spaceship, Cafeteria and Lounge Room",,
,,8042,,夢幻遺跡・調理室,indoor,"Inside a science fiction-like spaceship, Cooking Room",,
,,8043,,夢美私室,indoor,%洋室%,,
,,8044,,ちゆり私室,indoor,%洋室%,,
,,8045,,夢幻遺跡・階段,indoor,"Inside a science fiction-like spaceship, Stairs",,
,,8046,,夢幻遺跡・二階通路,indoor,"Inside a science fiction-like spaceship, Passage",,
,,8047,,夢幻遺跡・艦橋,indoor,"Inside a science fiction-like spaceship, Bridge",,
,,8048,,夢幻遺跡・第一資料室,indoor,"Inside a science fiction-like spaceship, Documents Room",,
,,8049,,夢幻遺跡・研究室,indoor,"Inside a science fiction-like spaceship,Laboratory",,
,,8050,,夢幻遺跡・第二資料室,indoor,"Inside a science fiction-like spaceship,Archives",,
,,8051,,夢幻遺跡・倉庫,indoor,"Inside a science fiction-like spaceship, Warehouse",,
,,8052,,離れ,indoor,%木造の小部屋%,,
,,8053,,納戸,indoor,%木造の小部屋%,,
,,8054,,小人の虫かご,indoor,Mominus bug basket,,
,,8055,,和室,indoor,%和室%,,
,,8056,,あうんの棲家,,in bush,,
1,MAP寺,8101,101,山門,,the main gate of a Buddhist temple,,
1,MAP寺,8102,102,境内,,"temple precincts,stone floor,cobblestone,countryside,shrub,stone lantern",,
1,MAP寺,8103,103,本堂,indoor,%和室%,,
1,MAP寺,8104,104,講堂,indoor,%和室%,,
1,MAP寺,8105,105,経蔵,indoor,"The scripture repository, adorned with oriental-style carved wooden shelves, holds ancient Buddhist scrolls and texts, reflecting a tranquil and historical ambiance",,
1,MAP寺,8106,106,裏庭,,"temple precincts,countryside,shrub,stone lantern",,
1,MAP寺,8107,107,土間,indoor,%土間%,,
1,MAP寺,8108,108,居間,indoor,"tatami,living room",,
1,MAP寺,8109,109,女苑私室,indoor,%和室%,,
1,MAP寺,8110,110,縁側,,"porch,veranda,shouji,wooden floor, countryside","fence,chair,table",
1,MAP寺,8111,111,台所,indoor,%土間の台所%,,
1,MAP寺,8112,112,風呂,indoor,%昔の風呂%,,
1,MAP寺,8113,113,ナズーリン私室,indoor,%和室%,,
1,MAP寺,8114,114,ムラサ私室,indoor,%和室%,,
1,MAP寺,8115,115,星私室,indoor,%和室%,,
1,MAP寺,8116,116,一輪私室,indoor,%和室%,,
1,MAP寺,8117,117,ぬえ私室,indoor,%和室%,,
1,MAP寺,8118,118,白蓮私室,indoor,%和室%,,
1,MAP寺,8119,119,離れ,indoor,%和室%,,
1,MAP寺,8120,120,物置,indoor,%木造の小部屋%,,
1,MAP寺,8121,121,墓地,,Graveyard,,
1,MAP寺,8122,122,鐘楼,,"Buddhist bell, hanging bell in temple",,
1,MAP寺,8123,123,霊廟大門,,"open field,large temple gate,chinese architecture,taoist,stone floor, yellow roof",,
1,MAP寺,8124,124,霊廟広場,,"open field,large temple gate,chinese architecture,taoist,stone floor, yellow roof",,
1,MAP寺,8125,125,屠自古私室,indoor,%和室%,,
1,MAP寺,8126,126,道場,indoor,%和室%,,
1,MAP寺,8127,127,布都私室,indoor,%和室%,,
1,MAP寺,8128,128,神子私室,indoor,%和室%,,
1,MAP寺,8129,129,客間,indoor,%和室%,,
1,MAP寺,8130,130,廊下,indoor,"wooden floor,corridor,shouji",,
1,MAP寺,8131,131,枯山水,,"A serene Zen garden, meticulously raked with white gravel symbolizing a tranquil sea. Amidst this sea, several large, irregularly shaped rocks emerge like islands, surrounded by small patches of vibrant green moss. The garden is enclosed by a low, unobtrusive fence, and the background is sparse, emphasizing a natural, minimalist landscape.",,だめでした
1,MAP寺,8132,132,調薬室,indoor,%和室%,,
1,MAP寺,8133,133,湯殿,indoor,%昔の風呂%,,
1,MAP寺,8134,134,蔵,indoor,%木造の小部屋%,,
1,MAP寺,8135,135,廊下,indoor,"wooden floor,corridor,shouji",,
1,MAP寺,8136,136,響子私室,indoor,%和室%,,
1,MAP寺,8137,137,マミゾウの棲家,indoor,%和室%,,
1,MAP寺,8138,138,鐘楼,indoor,"Buddhist bell, hanging bell in temple",,
1,MAP寺,8139,139,邪仙楼,indoor,%和室%,,
1,MAP寺,8140,140,お地蔵通り,,"stone floor,cobblestone road,Jizo statues lined up",,
2,2,8201,201,人里の門,,Gates of the village,,
2,2,8202,202,中央広場,,"Central square, Taisho period,Showa era ,cobblestone",one-point perspective,
2,2,8203,203,南通り,,"main street, Taisho period,Showa era,(traditional japanese houses:0.8)",,
2,2,8204,204,東通り,,"main street, Taisho period,Showa era,(traditional japanese houses:0.8)",,
2,2,8205,205,北通り,,"main street, Taisho period,Showa era,(traditional japanese houses:0.8)",,
2,2,8206,206,西通り,,"main street, Taisho period,Showa era,(traditional japanese houses:0.8)",,
2,2,8207,207,龍神像,,Ryujin statue,,
2,2,8208,208,雷鼓の部屋,indoor,%和室%,,
2,2,8209,209,八橋の部屋,indoor,%和室%,,
2,2,8210,210,弁々の部屋,indoor,%和室%,,
2,2,8211,211,酒屋,indoor,in Liquor store,,
2,2,8212,212,カフェ,indoor,in Cafe,,
2,2,8213,213,鈴奈庵,indoor,"in book store,wooden counter,wooden floor",,
2,2,8214,214,長屋前,,"main street, Taisho period,Showa era,(traditional japanese houses:0.8)",,
2,2,8215,215,花屋,indoor,Florist,,
2,2,8216,216,食料品店,indoor,grocery store,,
2,2,8217,217,甘味所,indoor,"in Japanese cafe,Japanese sweets' parlor",,
2,2,8218,218,小料理屋,indoor,in Small restaurant,,
2,2,8219,219,集会所,indoor,%和室%,,
2,2,8220,220,物見櫓,,"Overhead view of the town,Central square,Taisho period,Showa era,(traditional japanese houses:0.8)",,
2,2,8221,221,稗田邸,indoor,%和室%,,
2,2,8222,222,寺子屋,indoor,%和室%,,
2,2,8223,223,銭湯,indoor,japanese Public bath,,
2,2,8224,224,慧音宅,indoor,%和室%,,
2,2,8225,225,連れ込み宿,indoor,%和室%,,
2,2,8226,226,小鈴私室,indoor,%和室%,,
2,2,8227,227,八百屋,indoor,Greengrocer,,
2,2,8228,228,貸切浴場,indoor,Private bath,,
2,2,8229,229,阿求私室,indoor,%和室%,,
2,2,8230,230,空き部屋,indoor,%和室%,,
2,2,8231,231,蛮奇の部屋,indoor,%和室%,,
2,2,8232,232,蓮子の部屋,indoor,%和室%,,
2,2,8233,233,メリーの部屋,indoor,%和室%,,
2,2,8234,234,ユキの部屋,indoor,%和室%,,
2,2,8235,235,マイの部屋,indoor,%和室%,,
2,2,8236,236,共同便所,indoor,"public restroom,toilet stall, urinal,doors",,
2,2,8237,237,共同井戸,,"old well,,water well,circularly stacked stones,hand-operated pump",,
2,2,8238,238,鯢呑亭,indoor,"tavern, wooden counter",,
2,2,8239,239,美宵の部屋,indoor,%和室%,,
2,2,8241,241,空き部屋,indoor,%和室%,,
2,2,8280,280,警察署,indoor,Police station,,
2,2,8281,281,小兎姫私室,indoor,%和室%,,
3,MAP湖,8301,301,正門,,"Main gate,fence,In front of the gate,castle gate,red mansion",,
3,MAP湖,8302,302,庭,,garden,,
3,MAP湖,8303,303,守衛小屋,indoor,in Guide hut,,
3,MAP湖,8304,304,空き小屋,indoor,%木造の小部屋%,,
3,MAP湖,8305,305,納屋,indoor,%木造の小部屋%,,
3,MAP湖,8306,306,裏庭,,backyard,,
3,MAP湖,8307,307,東テラス,,Terrace of mansion,,
3,MAP湖,8308,308,西テラス,,Terrace of mansion,,
3,MAP湖,8309,309,広間,indoor,"hall,red floor",,
3,MAP湖,8310,310,図書館,indoor,"Large library, red floor",,
3,MAP湖,8311,311,パチュリー私室,indoor,%洋室%,,
3,MAP湖,8312,312,小悪魔私室,indoor,%洋室%,,
3,MAP湖,8313,313,厨房,indoor,"commercial kitchen, antique kitchen",,
3,MAP湖,8314,314,食堂,indoor,"dining room,dining table,tablecloth,red floor",,
3,MAP湖,8315,315,応接間,indoor,"parlor,sofa,red floor",,
3,MAP湖,8316,316,一階トイレ,indoor,toilet,,
,,8317,,大階段,indoor,"Large stairs,red carpet",,
,,8318,,地下階段,indoor,Underground stairs,,
3,MAP湖,8319,319,二階廊下,indoor,"corridor,red floor",,
3,MAP湖,8320,320,咲夜私室,indoor,%洋室%,,
3,MAP湖,8321,321,空き部屋,indoor,%洋室%,,
3,MAP湖,8322,322,二階トイレ,indoor,toilet,,
3,MAP湖,8323,323,メイド妖精詰め所,indoor,%洋室%,,
3,MAP湖,8324,324,大バルコニー,,Large balcony of mansion,,
,,8325,,三階階段,indoor,"Large stairs,red carpet",,
3,MAP湖,8326,326,レミリア私室,indoor,%洋室%,,
3,MAP湖,8327,327,小バルコニー,,balcony of mansion,,
3,MAP湖,8328,328,地下廊下,indoor,Underground corridor,(window:1.1),
3,MAP湖,8329,329,倉庫,indoor,Warehouse,(window:1.1),
3,MAP湖,8330,330,使用人部屋,indoor,"bedroom,stone wall,Ceiling light","(window,curtain:2)",
3,MAP湖,8331,331,地下室,indoor,Basement,(window:1.1),
3,MAP湖,8332,332,脱衣所,indoor,sink room,(window:1.1),
3,MAP湖,8333,333,大浴場,indoor,Public bath,(window:1.1),
,,8334,,廃洋館・入り口,indoor,"abandoned mansion, Entrance",,
,,8335,,廃洋館・広間,indoor,"abandoned mansion, in hall",,
,,8336,,廃洋館・階段,indoor,"abandoned mansion, Stairs",,
,,8337,,廃洋館・キッチン,indoor,"abandoned mansion, Kitchen",,
,,8338,,廃洋館・風呂,indoor,"abandoned mansion, Bath",,
,,8339,,廃洋館・二階廊下,indoor,"abandoned mansion, corridor",,
3,MAP湖,8340,340,ルナサ私室,indoor,girl's room,,
3,MAP湖,8341,341,メルラン私室,indoor,girl's room,,
3,MAP湖,8342,342,リリカ私室,indoor,girl's room,,
3,MAP湖,8343,343,湖畔,,Lake shores,,
3,MAP湖,8344,344,レティのかまくら,indoor,"remaining snow,igloo,snow igloo",,
3,MAP湖,8345,345,チルノのかまくら,indoor,"remaining snow,igloo,snow igloo",,
3,MAP湖,8346,346,大妖精宅,indoor,girl's room,,
3,MAP湖,8347,347,霧の湖,,"large lake ,Horizon,foggy landscape,fog",,
,,8348,,霧の湖・湖底,indoor,underwater,,
4,MAP竹林,8401,401,永遠亭入口,,Eiyo -tei entrance,,
,,8402,,永遠亭玄関,indoor,Ei Tou -tei entrance,,
4,MAP竹林,8403,403,待合室,indoor,waiting room,,
4,MAP竹林,8404,404,診察室,indoor,Examination room,,
4,MAP竹林,8405,405,調剤室,indoor,Dispensing room,,
4,MAP竹林,8406,406,来客用トイレ,indoor,Customer toilet,,
4,MAP竹林,8407,407,廊下,indoor,"corridor,wooden floor,japanese architecture",,
4,MAP竹林,8408,408,中廊下,indoor,"corridor,wooden floor,japanese architecture",,
4,MAP竹林,8409,409,縁側,,"porch,veranda,shouji,wooden floor, countryside,bamboo","fence,chair,table",
4,MAP竹林,8410,410,てゐ私室,indoor,%和室%,,
4,MAP竹林,8411,411,鈴仙私室,indoor,%和室%,,
4,MAP竹林,8412,412,空き部屋,indoor,%木造の小部屋%,,
4,MAP竹林,8413,413,永琳私室,indoor,%和室%,,
4,MAP竹林,8414,414,輝夜私室,indoor,%和室%,,
4,MAP竹林,8415,415,広間,indoor,%和室%,,
4,MAP竹林,8416,416,居間,indoor,%和室%,,
4,MAP竹林,8417,417,台所,indoor,%土間の台所%,,
4,MAP竹林,8418,418,厠,indoor,Japanese-style toilet,,
4,MAP竹林,8419,419,脱衣所,indoor,%洗面脱衣室%,,
4,MAP竹林,8420,420,風呂,indoor,%昔の風呂%,,
4,MAP竹林,8421,421,庭,,"Japanese garden, countryside, bamboo",,
4,MAP竹林,8422,422,裏庭,,"Japanese garden, countryside, bamboo",,
,,8423,,納戸,indoor,"Storage room,wooden floor,japanese architecture",,
4,MAP竹林,8424,424,物置,indoor,"Storeroom,wooden floor,japanese architecture",,
,,8425,,二階階段,indoor,"stairs,wooden floor,japanese architecture",,
4,MAP竹林,8426,426,二階廊下,indoor,"corridor,wooden floor,japanese architecture",,
4,MAP竹林,8427,427,倉庫,indoor,"Storeroom,wooden floor,japanese architecture",,
4,MAP竹林,8428,428,二階空き部屋,indoor,%和室%,,
,,8429,,地下階段,indoor,"Underground stairs,japanese architecture",,
4,MAP竹林,8430,430,地下室,indoor,"Basement,japanese architecture",(window:1.1),
4,MAP竹林,8431,431,兎の洞穴,indoor,In Rabbit cave,,
4,MAP竹林,8432,432,影狼の家,indoor,%和室%,,
4,MAP竹林,8433,433,斜角の竹林,,Bamboo forest at the oblique angle,,
4,MAP竹林,8434,434,迷いの小道,,"Bamboo forest,A hesitation path",,
4,MAP竹林,8435,435,井戸,,"old well,water well,circularly stacked stones,wooden bucket,in bamboo forest",,
4,MAP竹林,8436,436,無名の丘,,"outdoors,lily of the valley flower field",,季節はずれのときはどうするか
4,MAP竹林,8437,437,メディスンの家,indoor,girl's room,,
4,MAP竹林,8438,438,太陽の畑,,"outdoor,In the sunflower field,(((sunflower)))","door,bed,sheet,pillow",季節はずれのときはどうするか
4,MAP竹林,8439,439,ラルバの家,indoor,"in cave, furniture made of wood and leaves",,
4,MAP竹林,8440,440,廃屋,indoor,in Abandoned japanese house,,
4,MAP竹林,8441,441,温泉,,"hot spring,open-air bath,rocks,hot water,steam,foggy,bamboo",,
4,MAP竹林,8442,442,空き小屋,indoor,%木造の小部屋%,,
4,MAP竹林,8443,443,ミスティアの家,indoor,%和室%,,
4,MAP竹林,8444,444,夜雀の屋台,,food stall in bamboo forest,,
4,MAP竹林,8445,445,妹紅の家,indoor,%和室%,,
4,MAP竹林,8446,446,祠,,a small shrine in bamboo forest,,
4,MAP竹林,8447,447,竹林入口,,Bamboo forest entrance,,
,,8448,,竹林の外,,Outside of bamboo grove,,
4,MAP竹林,8450,450,玄関,indoor,entrance,,
4,MAP竹林,8451,451,くるみ私室,indoor,girl's room,,
4,MAP竹林,8452,452,エリー私室,indoor,girl's room,,
4,MAP竹林,8453,453,ダイニング,indoor,dining room with a kitchen,,
4,MAP竹林,8454,454,バス,indoor,antique bath,,
4,MAP竹林,8455,455,トイレ,indoor,toilet,,
4,MAP竹林,8456,456,倉庫,indoor,Warehouse,,
4,MAP竹林,8457,457,夢月私室,indoor,private room,,
4,MAP竹林,8458,458,廊下,indoor,corridor,,
4,MAP竹林,8459,459,幻月私室,indoor,private room,,
4,MAP竹林,8460,460,空き部屋,indoor,Vacant room,,
4,MAP竹林,8461,461,リビング,indoor,living room,,
4,MAP竹林,8462,462,テラス,,terrace,,
4,MAP竹林,8463,463,幽香私室,indoor,private room,,
4,MAP竹林,8464,464,バルコニー,,balcony,,
4,MAP竹林,8465,465,ホール,indoor,hall,,
4,MAP竹林,8466,466,庭,,garden,,
,,8467,,竹林の外,,Outside of bamboo grove,,
5,MAP森,8501,501,魔法の森入り口,,"outdoors,Forest entrance",,
5,MAP森,8502,502,香霖堂,indoor,"in junk shop,day,antique store , variety store",,
5,MAP森,8503,503,分かれ道,,in the forest,,
5,MAP森,8506,506,無縁塚,,"outdoors,red spider lily flower field,Devastated land,Landscape with a frightening atmosphere,rocks","tree,grass",
5,MAP森,8507,507,キノコ群生地,,"Mushroom group,in the forest",,
5,MAP森,8508,508,魔法の広場,,in the forest,,
5,MAP森,8509,509,再思の道,,"outdoors,red spider lily flower field",,
5,MAP森,8510,510,霧雨魔法店,indoor,"in junk shop,antique store , variety store",,
,,8511,,魔理沙宅・居間,indoor,living room,,
,,8512,,魔理沙宅・寝室,indoor,girl's room,,
,,8513,,魔理沙宅・研究部屋,indoor,Marisa House / Research Room,,
,,8514,,魔理沙宅・風呂,indoor,%昔の風呂%,,
,,8515,,魔理沙宅・倉庫,indoor,%木造の小部屋%,,
5,MAP森,8520,520,人形の館前,,exterior of House of Wizard in forest,,
,,8521,,人形の館・アリスの部屋,indoor,private room,,
,,8522,,人形の館・神綺の部屋,indoor,private room,,
,,8523,,人形の館・夢子の部屋,indoor,private room,,
,,8524,,人形の館・研究室,indoor,Doll House / Laboratory,,
,,8525,,人形の館・リビング,indoor,Doll House / Living room,,
,,8526,,人形の館・風呂,indoor,%昔の風呂%,,
,,8528,,人形の館・倉庫,indoor,%木造の小部屋%,,
,,8529,,人形の館・バルコニー,,"balcony, in the forest",,
,,8530,,人形の館・二階,indoor,"The doll's hall, the second floor",,
,,8531,,人形の館・空き部屋,indoor,Doll Hall / vacant room,,
5,MAP森,8534,534,ふわふわエレン魔法の店,indoor,Fluffy Ellen Magical Store,,
,,8535,,エレン宅・寝室,indoor,private room,,
,,8536,,エレン宅・倉庫,indoor,%木造の小部屋%,,
,,8537,,エレン宅・風呂,indoor,%昔の風呂%,,
5,MAP森,8540,540,古木の大樹,,Old tree big tree,,Old tree big treeは直訳だと思うが、1本の大木を出すこれ以上のプロンプトが見つからない
5,MAP森,8541,541,朱鷺子の棲み処,indoor,%木造の小部屋%,,
5,MAP森,8542,542,リグルの棲み処,indoor,%木造の小部屋%,,
5,MAP森,8543,543,ルーミアの棲み処,indoor,%木造の小部屋%,,
5,MAP森,8544,544,成美の小屋,indoor,%和室%,,
5,MAP森,8545,545,慧ノ子の棲み処,indoor,%木造の小部屋%,,
6,MAP冥界,8601,601,中有の道,,Road in the middle,,
6,MAP冥界,8602,602,賽の河原,,"water horizon,(lake,apocalypse,bare field,gravel,fine gravel:1.2) ","(tree,grass,green:1.5)",
6,MAP冥界,8603,603,積石塚,,"(vertically stacked stones:1.3),(apocalypse,bare field,gravel,fine gravel:1.2)","(tree,grass,green:1.5)",
6,MAP冥界,8604,604,彼岸,,"outdoors,red spider lily flower field","tree,grass",
6,MAP冥界,8605,605,地獄,,"view of hell ,lava, fire",,
6,MAP冥界,8606,606,日狭美の家,indoor,%和室%,,
6,MAP冥界,8607,607,残無の家,indoor,%和室%,,
6,MAP冥界,8608,608,潤美の家,indoor,%和室%,,
6,MAP冥界,8609,609,瓔花の家,indoor,%和室%,,
6,MAP冥界,8610,610,是非曲直庁ホール,indoor,"main hall of chinese temple,Brightly colored and intricately decorated interior",,
6,MAP冥界,8612,612,法廷,indoor,"The chair in which King Enma sits is a traditional high-backed armchair, which is designed with a notably elevated backrest. The design of the chair is luxurious, indicative of authority and is adorned with decorations. The seating area is covered with fabric or cushioning, considering comfort for extended periods.,The desk before him is square-shaped and sturdily built, with a broad working surface suitable for spreading out documents and ledgers.",,
6,MAP冥界,8613,613,是非曲直庁廊下,indoor,"corridor of chinese temple,Brightly colored and intricately decorated interior",,
6,MAP冥界,8614,614,是非曲直庁ラウンジ,indoor,"table,lounge of chinese temple,Brightly colored and intricately decorated interior",,
6,MAP冥界,8615,615,映姫の部屋,indoor,%和室%,,
6,MAP冥界,8616,616,小町の部屋,indoor,%和室%,,
6,MAP冥界,8617,617,風呂,indoor,%昔の風呂%,,
6,MAP冥界,8618,618,空き部屋,indoor,%木造の小部屋%,,
6,MAP冥界,8620,620,冥界の門,,main gate of japanese mansion,,朱塗りが解釈違い
6,MAP冥界,8621,621,庭,,"A traditional Japanese garden, with white gravel spread out and well-maintained shrubs lined up.",,
6,MAP冥界,8622,622,廊下,indoor,"corridor,wooden floor,japanese architecture",,
6,MAP冥界,8623,623,幽々子私室,indoor,%和室%,,
6,MAP冥界,8624,624,妖夢私室,indoor,%和室%,,
6,MAP冥界,8625,625,空室,indoor,%和室%,,
6,MAP冥界,8626,626,台所,indoor,%昔の台所%,,
6,MAP冥界,8627,627,風呂,indoor,%昔の風呂%,,
6,MAP冥界,8628,628,居間,indoor,"tatami,living room",,
6,MAP冥界,8629,629,西行妖,,Old tree big tree,,
6,MAP冥界,8630,630,八雲邸玄関,indoor,Entrance of japanese house,,
6,MAP冥界,8631,631,八雲邸廊下,indoor,"corridor,wooden floor,japanese architecture",,
6,MAP冥界,8632,632,八雲邸庭,,"Japanese garden, countryside",,
6,MAP冥界,8633,633,紫私室,indoor,%和室%,,
6,MAP冥界,8634,634,空部屋,indoor,%和室%,,
6,MAP冥界,8635,635,橙私室,indoor,%和室%,,
6,MAP冥界,8636,636,八雲邸風呂,indoor,%昔の風呂%,,
6,MAP冥界,8637,637,八雲邸台所,indoor,%昔の台所%,,
6,MAP冥界,8638,638,藍私室,indoor,%和室%,,
6,MAP冥界,8639,639,八雲邸居間,indoor,"tatami,living room",,
6,MAP冥界,8640,640,異界の関所,,"outdoors,red spider lily flower field","tree,grass",
6,MAP冥界,8641,641,畜生メトロポリス,,"science fiction,  cyberpunk , skyscrapers,neon lights,growing",,
6,MAP冥界,8642,642,霊長園,indoor,"future,virtual space, holograms,neon lights,growing",,
6,MAP冥界,8643,643,霊長園の風呂,indoor,Bath of the Lord Garden,,
6,MAP冥界,8644,644,袿姫の部屋,indoor,Room of Princess,,
6,MAP冥界,8645,645,磨弓の部屋,indoor,Polished bow room,,
6,MAP冥界,8646,646,八千慧宅の風呂,indoor,Yachi Kei's bath,,
6,MAP冥界,8647,647,八千慧宅のリビング,indoor,Hachiyo House's Living Ring,,
6,MAP冥界,8648,648,八千慧宅の寝室,indoor,Yachi Kei's bedroom,,
6,MAP冥界,8650,650,早鬼宅のリビング,indoor,Sayai House Living Ring,,
6,MAP冥界,8651,651,早鬼宅の寝室,indoor,Sayaki's bedroom,,
6,MAP冥界,8652,652,早鬼宅の風呂,indoor,Hayaki's bath,,
6,MAP冥界,8653,653,尤魔宅のリビング,indoor,Living room at the demon house,,
6,MAP冥界,8654,654,尤魔宅の寝室,indoor,Skilled house bedroom,,
6,MAP冥界,8655,655,尤魔宅の風呂,indoor,Sprinkle bath bath,,
7,MAP山麓,8701,701,樹海道入り口,,"tree,forest,mountain trail",,
,,8702,,山道・沢へ続く道,,"tree,forest,mountain trail",,
7,MAP山麓,8703,703,玄武の沢,,"outdoors,tree,river",,
7,MAP山麓,8704,704,河童のアジト,indoor,"outdoors,tree,river",,テクノロジー感あったほうがいいんだろうか？
,,8705,,山道・中腹,,"tree,forest,mountain trail",,
7,MAP山麓,8706,706,厄神の家,indoor,%和室%,,
,,8707,,山道・分岐点,,"tree,mountain trail",,
7,MAP山麓,8708,708,大蝦蟇の池,,Pond in forest,,
7,MAP山麓,8709,709,リリーたちの家,indoor,%和室%,,
7,MAP山麓,8710,710,猫の里,,Cat village,,
7,MAP山麓,8711,711,休憩所,indoor,%木造の小部屋%,,
7,MAP山麓,8712,712,間欠泉地下センター,indoor,"Underground Nuclear Fusion Institute,fusion reactor",,
,,8715,,秋姉妹の家・畑,,"vegetable garden,crops,plowed ground,wooden fence",,
,,8716,,秋姉妹の家・土間,indoor,%土間の台所%,,
,,8717,,秋姉妹の家・寝室,indoor,%和室%,,
,,8718,,秋姉妹の家・居間,indoor,%和室%,,
,,8719,,秋姉妹の家・座敷,indoor,%和室%,,
,,8720,,仙人の屋敷・台所,indoor,%土間の台所%,,
,,8721,,仙人の屋敷・風呂,indoor,%昔の風呂%,,
,,8722,,仙人の屋敷・道場,indoor,%和室%,,
,,8723,,仙人の屋敷・二階客間,indoor,%和室%,,
,,8724,,仙人の屋敷・書斎,indoor,%和室%,,
,,8725,,仙人の屋敷・大鷲の部屋,indoor,%和室%,,
,,8726,,仙人の屋敷・居間,indoor,%和室%,,
,,8727,,仙人の屋敷・華扇私室,indoor,%和室%,,
,,8728,,仙人の屋敷・空き部屋,indoor,%和室%,,
,,8729,,仙人の屋敷・玄関,indoor,%土間%,,
,,8730,,仙人の屋敷・庭,,"outdoors,bare soil ground,open area surrounded by forest,(Exterior of old wooden house:0.8),tree",,
7,MAP山麓,8731,731,帚木,,Open area in the forest,,近くで見ると木はないという設定
7,MAP山麓,8732,732,山頂への道,,"mountain trail,trail to the summit, alpine",,
7,MAP山麓,8733,733,正邪の隠れ家,indoor,%和室%,,
7,MAP山麓,8734,734,小屋,indoor,%木造の小部屋%,,
7,MAP山麓,8735,735,水浴び場,,"outdoors,tree,river",,
7,MAP山麓,8736,736,山姥の家,indoor,%和室%,,
7,MAP山麓,8737,737,招き猫の家,indoor,%和室%,,
7,MAP山麓,8738,738,森の深奥,,Deep in the forest,,
7,MAP山麓,8739,739,秘天崖,,Secret cliff,,
7,MAP山麓,8740,740,山童のアジト,indoor,%和室%,,
7,MAP山麓,8741,741,美天の棲み処,indoor,%和室%,,
8,MAP山頂,8801,801,山頂入り口,,"mountain trail,trail to the summit, alpine",,
8,MAP山頂,8802,802,橋,,Bridge over a mountain stream,,
8,MAP山頂,8803,803,索道駅,,"Cable station,Cable car",,
8,MAP山頂,8804,804,守矢神社鳥居,,Moriya Shrine Torii,,
8,MAP山頂,8805,805,頂上,,At the summit,,
8,MAP山頂,8806,806,滝の裏,,"in the cave behind the waterfall,large waterfall",,
8,MAP山頂,8807,807,椛宅,indoor,%和室%,,
8,MAP山頂,8808,808,文宅,indoor,%和室%,,
8,MAP山頂,8809,809,はたて宅,indoor,%和室%,,
8,MAP山頂,8810,810,山小屋,indoor,in Mountain hut,,
8,MAP山頂,8811,811,境内,,"Precincts, countryside, hakurei shrine,cobblestone",,
8,MAP山頂,8812,812,本殿,indoor,"wooden floor,shouji,(east asian architecture:0.8)",,
8,MAP山頂,8813,813,社務所,indoor,%木造の小部屋%,,
8,MAP山頂,8814,814,湖畔,,Lake shores,,
8,MAP山頂,8815,815,庭,,"Japanese garden, countryside",,
8,MAP山頂,8816,816,縁側,,"porch,veranda,shouji,wooden floor,tree","fence,chair,table",
8,MAP山頂,8817,817,神奈子私室,indoor,%和室%,,
8,MAP山頂,8818,818,諏訪子私室,indoor,%和室%,,
8,MAP山頂,8819,819,居間,indoor,"tatami,living room",,
8,MAP山頂,8820,820,早苗私室,indoor,%和室%,,
8,MAP山頂,8821,821,土間,indoor,%土間%,,
8,MAP山頂,8822,822,台所,indoor,"antiqued kitchen, antiqued interior",,
8,MAP山頂,8823,823,空室,indoor,%木造の小部屋%,,
8,MAP山頂,8824,824,トイレ,indoor,toilet,,
8,MAP山頂,8825,825,風呂,indoor,bath,,
8,MAP山頂,8826,826,廊下,indoor,"wooden floor,corridor,shouji",,
8,MAP山頂,8830,830,玄雲海,,"Sea of clouds below,clouds",sea,
8,MAP山頂,8831,831,比那名居邸前,,In front of the japanese mansion,,
8,MAP山頂,8832,832,有頂天街,,Ethnic town,,
8,MAP山頂,8833,833,桃園,,"Taoyuan,peach orchard,fruit garden,fruit tree,(peach:1.1)",,
8,MAP山頂,8834,834,比那名居邸土間,indoor,%土間%,,
8,MAP山頂,8835,835,比那名居邸応接間,indoor,%和室%,,
8,MAP山頂,8836,836,比那名居邸厨房,indoor,%土間の台所%,,
8,MAP山頂,8837,837,比那名居邸風呂,indoor,%昔の風呂%,,
8,MAP山頂,8838,838,比那名居邸居間,indoor,%和室%,,
8,MAP山頂,8839,839,比那名居邸和室,indoor,%和室%,,
8,MAP山頂,8840,840,天子私室,indoor,%和室%,,
8,MAP山頂,8841,841,衣玖私室,indoor,%和室%,,
8,MAP山頂,8842,842,比那名居邸物置,indoor,%木造の小部屋%,,
8,MAP山頂,8851,851,久侘歌の小屋,indoor,%和室%,,
8,MAP山頂,8852,852,駒草の小屋,indoor,%和室%,,
8,MAP山頂,8853,853,魅須丸の小屋,indoor,%和室%,,
8,MAP山頂,8854,854,龍宅,indoor,%和室%,,
8,MAP山頂,8855,855,虹龍洞,indoor,"in the cave, ore mine",,
8,MAP山頂,8856,856,百々世の住処,indoor,"in the cave, ore mine",,
9,MAP地底,8901,901,地霊殿前,indoor,"In front of mansion,night sky","star,moon",
,,8902,,エントランス,indoor,entrance,,
,,8903,,応接間,indoor,Reception room,,
9,MAP地底,8904,904,大広間,indoor,Large hall,,
9,MAP地底,8905,905,一階廊下,indoor,corridor,,
9,MAP地底,8906,906,一階トイレ,indoor,toilet,,
,,8907,,西階段,indoor,stairs,,
,,8908,,東階段,indoor,stairs,,
9,MAP地底,8909,909,厨房,indoor,kitchen,,
9,MAP地底,8910,910,食料庫,indoor,larder,,
9,MAP地底,8911,911,お空私室,indoor,private room,,
9,MAP地底,8912,912,お燐私室,indoor,private room,,
9,MAP地底,8913,913,食堂,indoor,dining room,,
9,MAP地底,8914,914,二階廊下,indoor,corridor,,
9,MAP地底,8915,915,バルコニー,indoor,balcony,,
9,MAP地底,8916,916,物置,indoor,%木造の小部屋%,,
9,MAP地底,8917,917,二階トイレ,indoor,toilet,,
9,MAP地底,8918,918,こいし私室,indoor,private room,,
9,MAP地底,8919,919,さとり私室,indoor,private room,,
9,MAP地底,8920,920,書斎,indoor,reading room,,
9,MAP地底,8921,921,風呂,indoor,bath,,
9,MAP地底,8922,922,脱衣所,indoor,%洗面脱衣室%,,
9,MAP地底,8923,923,裏庭,indoor,backyard,,
,,8924,,噴水,indoor,fountain,,
9,MAP地底,8925,925,バラ園,indoor,Rose garden,,
9,MAP地底,8926,926,中庭,indoor,courtyard,,
,,8927,,灼熱地獄跡入口,indoor,Scorching hell,,
9,MAP地底,8928,928,灼熱地獄跡,indoor,Scorching hell,,
9,MAP地底,8929,929,地獄の人工太陽,indoor,"simple back ground,Background covered with lava all over, like the surface of the sun, backlighting",,
9,MAP地底,8930,930,旧血の池地獄,indoor,Old blood pond hell,horror,ときどきホラー画像が出てこまる
9,MAP地底,8931,931,大通り,indoor,"outdoor,In the streets of Edo,Lots of dimly glowing lanterns,night sky","star,moon",
9,MAP地底,8932,932,裏通り,indoor,"outdoor,In the streets of Edo,Lots of dimly glowing lanterns,night sky","star,moon",
9,MAP地底,8933,933,酒場,indoor,japanese Bar,,
9,MAP地底,8934,934,温泉,indoor,"sento,public bathhouse,wooden,steam",,
9,MAP地底,8935,935,ラブホ,indoor,in love hotel,,
9,MAP地底,8936,936,勇儀の家,indoor,%和室%,,
9,MAP地底,8937,937,空き屋,indoor,%和室%,,
9,MAP地底,8938,938,鬼の溜まり場,indoor,%和室%,,
9,MAP地底,8939,939,路地裏,indoor,"outdoor,In the streets of Edo,night sky","star,moon",
9,MAP地底,8940,940,パルスィの家,indoor,%和室%,,
9,MAP地底,8941,941,ヤマメの家,indoor,%和室%,,
9,MAP地底,8942,942,キスメの家,indoor,%和室%,,
9,MAP地底,8943,943,あばら屋,indoor,%木造の小部屋%,,
9,MAP地底,8944,944,通り,indoor,"outdoor,In the streets of Edo,night sky","star,moon",
9,MAP地底,8945,945,川岸,indoor,"Riverbank,outdoor,In the streets of Edo,night sky","star,moon",
9,MAP地底,8946,946,橋,indoor,"on wooden bridge,night sky","star,moon",
9,MAP地底,8947,947,ちやりの棲み処,indoor,"hell, mantle, lava,lava sea",,
9,MAP地底,8948,948,縦穴の底,indoor,"in dark cave,Vertical hole",,
10,MAP月,9001,1001,槐安通路,indoor,"in the space, stars,(nebula:0.8)",,
10,MAP月,9002,1002,月の都,indoor,"outdoors,Ancient Chinese capital city streets,night sky,stars","cloud,(moon,full moon:1.3)",
10,MAP月,9003,1003,玉兎街,indoor,"outdoors,Ancient Chinese capital city streets,night sky,stars","cloud,(moon,full moon:1.3)",
10,MAP月,9004,1004,広場,indoor,"outdoors,Ancient Chinese capital city streets,night sky,stars","cloud,(moon,full moon:1.3)",
,,9005,,サグメ宅・居間,indoor,Sagme house / living room,,
,,9006,,サグメ宅・寝室,indoor,Sagme house / bedroom,,
10,MAP月,9007,1007,空き家,indoor,%和室%,,
10,MAP月,9008,1008,鈴瑚宅,indoor,%和室%,,
10,MAP月,9009,1009,清蘭宅,indoor,%和室%,,
10,MAP月,9010,1010,食事処,indoor,restaurant,,
10,MAP月,9011,1011,甘味処,indoor,"in Japanese cafe,Japanese sweets' parlor",,
10,MAP月,9012,1012,酒屋,indoor,Liquor store,,
10,MAP月,9013,1013,八百屋,indoor,Greengrocer,,
10,MAP月,9014,1014,桃林,indoor,"outdoors,peach orchard,fruit garden,fruit tree,(peach:1.1),night sky,stars","cloud,(moon,full moon:1.3)",
10,MAP月,9015,1015,砂浜,indoor,"sea,horizon,sand,stars,night sky","cloud,(moon,full moon:1.3)",
10,MAP月,9016,1016,入り江,indoor,"sea,horizon,sand,stars,night sky","cloud,(moon,full moon:1.3)",
,,9020,,綿月亭・門,indoor,"main gate of japanese mansion,night sky,stars","cloud,(moon,full moon:1.3)",
,,9021,,綿月亭・玄関,indoor,"entrance of Japanese mansion, marble floor",,
10,MAP月,9022,1022,一階回廊,indoor,"corridor,wooden floor,japanese architecture",,
10,MAP月,9023,1023,門番詰め所,indoor,%和室%,,
10,MAP月,9024,1024,玉兎食堂,indoor,japanese dining room,,
10,MAP月,9025,1025,玉兎詰め所,indoor,%和室%,,
10,MAP月,9026,1026,食堂,indoor,japanese dining room,,
10,MAP月,9027,1027,厨房,indoor,kitchen,,
10,MAP月,9028,1028,食料庫,indoor,larder,,
,,9029,,綿月亭・脱衣所,indoor,%洗面脱衣室%,,
,,9030,,綿月亭・風呂,indoor,%昔の風呂%,,
10,MAP月,9031,1031,宝物庫,indoor,%和室%,,
10,MAP月,9032,1032,レイセン私室,indoor,%和室%,,
,,9033,,綿月亭・空き部屋,indoor,%和室%,,
10,MAP月,9035,1035,中庭,indoor,"Japanese garden, countryside,night sky,stars","cloud,(moon,full moon:1.3)",
10,MAP月,9036,1036,四阿,indoor,"under simple arbor,night sky,stars","cloud,(moon,full moon:1.3)",
10,MAP月,9040,1040,二階回廊,indoor,"corridor,wooden floor,japanese architecture",,
10,MAP月,9041,1041,豊姫私室,indoor,%和室%,,
10,MAP月,9042,1042,依姫私室,indoor,%和室%,,
10,MAP月,9043,1043,書斎,indoor,"japanese reading room,bookshelf",,
10,MAP月,9044,1044,応接間,indoor,%和室%,,
,,9050,,ドレミー宅・居間,indoor,Doremy home / living room,,
,,9051,,ドレミー宅・寝室,indoor,Doremy home / bedroom,,
,,9052,,ドレミー宅・倉庫,indoor,Doremy home / warehouse,,
,,9053,,ドレミー宅・洗面所,indoor,Doremy home / washroom,,
,,9054,,ドレミー宅・風呂,indoor,Doremy home / bath,,
,,9055,,ドレミー宅・トイレ,indoor,Doremy home / toilet,,
,,9060,,純狐邸・玄関,indoor,in Entrance of chinese house,,
10,MAP月,9061,1061,居間,indoor,"tatami,living room",,
10,MAP月,9062,1062,台所,indoor,kitchen,,
,,9063,,純狐邸・空き部屋,indoor,%和室%,,
10,MAP月,9064,1064,クラウンピース私室,indoor,girl's room,,
10,MAP月,9065,1065,物置,indoor,%木造の小部屋%,,
,,9066,,純狐邸・脱衣所,indoor,%洗面脱衣室%,,
,,9067,,純狐邸・風呂,indoor,bath,,
,,9068,,純狐邸・中庭,indoor,"chinese courtyard,night sky,stars","cloud,(moon,full moon:1.3)",
10,MAP月,9070,1070,屋上,indoor,"on rooftop,chinese tile roof,night sky,stars","cloud,(moon,full moon:1.3)",
10,MAP月,9071,1071,純狐私室,indoor,%和室%,,
10,MAP月,9072,1072,ヘカーティア私室,indoor,private room,,
