e2wNo,バリアント,STR,,コマンド名,プロンプト,ネガティブ,解像度,キャラ描画,顔描画,胸描画,ヴァギナ描画,アナル描画,下衣描画,足元描画,背景描画,拒否プロンプト,拒否ネガティブ,備考,系統
476,eraTW,1000,,愛撫,__ERAI/caress__,,,1,1,1,1,0,1,0,1,,,,０．愛撫系コマンド
477,eraTW,1001,,クンニ,__ERAI/cunnilingus__,,,1,1,1,1,0,1,0,1,,,,０．愛撫系コマンド
478,eraTW,1002,,フェラする,%上半身だけで誤魔化し%,,,1,1,1,0,0,0,0,1,,,,０．愛撫系コマンド
479,eraTW,1003,,指挿れ,__ERAI/fingering__,,,1,1,1,1,1,1,0,1,,,,０．愛撫系コマンド
480,eraTW,1004,,アナル舐め,__ERAI/anilingus__,,,1,1,1,1,1,1,0,1,,,,０．愛撫系コマンド
481,eraTW,1005,,アナル愛撫,__ERAI/anal caress__,,,1,1,1,1,1,1,0,1,,,,０．愛撫系コマンド
482,eraTW,1006,,胸愛撫,__ERAI/breast grab__,,,1,1,1,0,0,0,0,1,,,,０．愛撫系コマンド
483,eraTW,1007,,乳首責め,__ERAI/nipple tweak__,,,1,1,1,0,0,0,0,1,,,,０．愛撫系コマンド
484,eraTW,1008,,秘貝開帳,__ERAI/spread pussy__,,,1,1,1,0,0,1,0,1,%汎用拒否%,%汎用拒否ネガ%,,０．愛撫系コマンド
485,eraTW,1009,,自慰,__ERAI/masturbation__,,,1,1,1,1,1,1,0,1,%汎用拒否%,%汎用拒否ネガ%,,０．愛撫系コマンド
486,eraTW,1013,,アナル開帳,__ERAI/spread anus__,,,1,1,1,1,1,1,0,1,,,,０．愛撫系コマンド
487,eraTW,1015,,クリ愛撫,__ERAI/clitoris caress__,,,1,1,1,1,1,1,0,1,,,,０．愛撫系コマンド
488,eraTW,1020,,キスする,__ERAI/kiss__,,,1,1,1,0,0,0,0,1,%汎用拒否%,%汎用拒否ネガ%,,１．コミュニケーション系コマンド
489,eraTW,1021,,何もしない,__ERAI/do nothing__,,,1,1,1,0,0,1,0,1,,,,１．コミュニケーション系コマンド
490,eraTW,1022,,誘い受ける,Be invited,,,1,1,1,1,1,1,0,1,,,,１．コミュニケーション系コマンド
491,eraTW,1040,,ローター,__ERAI/rotor__,"(penis),open pussy",,1,1,1,0,0,1,0,1,,,,２．道具使用コマンド
492,eraTW,1041,,Ｅマッサージャ,__ERAI/E massager__,(penis),,1,1,1,0,0,1,0,1,,,,道具使用コマンド
493,eraTW,1042,,クリキャップ,Clickap,,,1,1,1,0,0,1,0,1,,,,２．道具使用コマンド
494,eraTW,1043,,オナホール,__ERAI/onahole__,,,1,1,1,0,0,1,0,1,,,,２．道具使用コマンド
495,eraTW,1044,,バイブ,__ERAI/dildo__,"(penis),open pussy",,1,1,1,1,1,1,0,1,,,,２．道具使用コマンド
496,eraTW,1045,,アナルバイブ,__ERAI/anal dildo__,,,1,1,1,1,1,1,0,1,,,,２．道具使用コマンド
497,eraTW,1046,,アナルビーズ,__ERAI/anal beads__,,,1,1,1,0,0,1,0,1,,,,２．道具使用コマンド
498,eraTW,1047,,ニプルキャップ,Nipple cap,,,1,1,1,0,0,1,0,1,,,,２．道具使用コマンド
499,eraTW,1048,,搾乳機,__ERAI/milking machine__,,,1,1,1,0,0,1,0,1,,,,２．道具使用コマンド
500,eraTW,1049,,乳首ローター,__ERAI/nipple rotor__,,,1,1,1,0,0,1,0,1,,,,２．道具使用コマンド
501,eraTW,1060,,正常位,__ERAI/missionary__,,,1,1,1,1,0,1,0,1,,,,
502,eraTW,1061,,後背位,__ERAI/doggystyle__,,,1,1,1,1,1,1,0,1,,,,
503,eraTW,1062,,正常位アナル,__ERAI/anal missionary__,,,1,1,1,1,1,1,0,1,,,,
504,eraTW,1063,,後背位アナル,__ERAI/anal doggystyle__,,,1,1,1,1,1,1,0,1,,,,
505,eraTW,1064,,逆レイプ,__ERAI/amazon__,,,1,1,1,0,0,1,0,1,,,,
506,eraTW,1065,,騎乗位,__ERAI/cowgirl__,,,1,1,1,1,0,1,0,1,%汎用拒否%,%汎用拒否ネガ%,,
507,eraTW,1066,,騎乗位アナル,__ERAI/anal cowgirl__,,,1,1,1,1,0,1,0,1,%汎用拒否%,%汎用拒否ネガ%,,
508,eraTW,1067,,対面座位,__ERAI/upright straddle__,,,1,1,1,1,0,1,0,1,,,,
509,eraTW,1068,,背面座位,__ERAI/reverse upright straddle__,,,1,1,1,1,1,1,0,1,,,,
510,eraTW,1069,,対面座位アナル,__ERAI/anal upright straddle__,,,1,1,1,1,1,1,0,1,,,,
511,eraTW,1070,,背面座位アナル,__ERAI/anal reverse upright straddle__,,,1,1,1,1,1,1,0,1,,,,
512,eraTW,1071,,二穴挿し,__ERAI/double penetration__,,,1,1,1,1,1,1,0,1,,,,
513,eraTW,1080,,手淫,__ERAI/handjob__,fellatio,,1,1,1,0,0,1,0,1,%汎用拒否%,%汎用拒否ネガ%,,
514,eraTW,1081,,フェラチオ,__ERAI/fellatio__,,,1,1,0,0,0,1,0,1,%汎用拒否%,%汎用拒否ネガ%,,
515,eraTW,1082,,パイズリ,__ERAI/paizuri__,,,1,1,1,0,0,1,0,1,%汎用拒否%,%汎用拒否ネガ%,,
516,eraTW,1083,,素股,__ERAI/grinding__,"penis in pussy,inseration,(futanari,futa)",,1,1,1,0,0,1,0,1,%汎用拒否%,%汎用拒否ネガ%,,
517,eraTW,1084,,泡踊り,__ERAI/awaodori__,,,1,1,1,0,0,1,0,1,,,,
518,eraTW,1085,,足コキ,__ERAI/footjob__,,,1,1,1,0,0,1,0,1,,,,
519,eraTW,1088,,バキュームフェラ,__ERAI/fellatioEX/vacuum__,,,1,1,1,0,0,1,0,1,,,,
520,eraTW,1090,,アナル愛撫される,Anal caress,,,1,1,1,0,0,1,0,1,,,,
521,eraTW,1091,,アナル舐めされる,__ERAI/female anilingus__,,,1,1,1,0,0,1,0,1,,,,
522,eraTW,1092,,Ａ正常位される,A Missionary position,,,1,1,1,0,0,1,0,1,,,,逆奉仕、ウフフ系コマンド
523,eraTW,1093,,Ａ後背位される,A Bearing,,,1,1,1,0,0,1,0,1,,,,逆奉仕、ウフフ系コマンド
524,eraTW,1094,,Ａ騎乗位する,A Cowgirl,,,1,1,1,0,0,1,0,1,,,,逆奉仕、ウフフ系コマンド
525,eraTW,1100,,スパンキング,__ERAI/spanking__,,,1,1,1,1,1,1,0,1,,,,
526,eraTW,1101,,鞭,__ERAI/whip__,,,1,1,1,0,0,1,0,1,,,,
527,eraTW,1102,,蝋燭,__ERAI/wax__,,,1,1,1,1,1,1,0,1,,,,
528,eraTW,1103,,針,__ERAI/needle__,,,1,1,1,0,0,1,0,1,,,,
529,eraTW,1104,,アイマスク,__ERAI/blindfold__,,,1,1,1,0,0,1,0,1,,,,ＳＭ系、ハードな調教コマンド
530,eraTW,1105,,縄,__ERAI/rope__,,,1,1,1,0,0,1,0,1,,,,
531,eraTW,1106,,ボールギャグ,__ERAI/ball gag__,,,1,1,1,0,0,1,0,1,,,,
532,eraTW,1107,,拘束プレイ,__ERAI/rope__,,,1,1,1,0,0,1,0,1,,,,
533,eraTW,1120,,クンニ強制,Cunnilingians,,,1,1,1,0,0,1,0,1,,,,
534,eraTW,1121,,貝合わせ,Shellfish match,,,1,1,1,0,0,1,0,1,,,,
535,eraTW,1122,,助手を犯させる,Make the assistant commit,,,1,1,1,0,0,1,0,1,,,,
536,eraTW,1123,,足コキする,Jumble,,,1,1,1,0,0,1,0,1,,,,
537,eraTW,1124,,手淫する,Indemnify,,,1,1,1,0,0,1,0,1,,,,
538,eraTW,1125,,愛撫させる,Caress,,,1,1,1,0,0,1,0,1,,,,
539,eraTW,1126,,乳の揉み合い,Malm of milk,,,1,1,1,0,0,1,0,1,,,,
540,eraTW,1130,,正常位される,Be missionary,,,1,1,1,0,0,1,0,1,,,,
541,eraTW,1131,,後背位される,Be d backed,,,1,1,1,0,0,1,0,1,,,,
542,eraTW,1132,,対面座位される,Face -to -face,,,1,1,1,0,0,1,0,1,,,,
543,eraTW,1133,,背面座位される,The back is sitting,,,1,1,1,0,0,1,0,1,,,,
544,eraTW,1140,,イラマチオ,__ERAI/fellatioEX/irrumatio__,,,1,1,0,0,0,1,0,1,%汎用拒否%,%汎用拒否ネガ%,,
545,eraTW,1141,,フィストファック,__ERAI/fist fuck__,,,1,1,1,0,0,1,0,1,,,,
546,eraTW,1142,,アナルフィスト,__ERAI/anal fist__,,,1,1,1,0,0,1,0,1,,,,
547,eraTW,1143,,両アナフィスト,__ERAI/double fist__,,,1,1,1,0,0,1,0,1,,,,
548,eraTW,1144,,放尿,__ERAI/peeing__,,,1,1,1,0,0,1,0,1,,,,
549,eraTW,1145,,アナル奉仕,__ERAI/anilingus__,,,1,1,1,0,0,1,0,1,,,,
550,eraTW,1146,,浣腸,__ERAI/enema__,,,1,1,1,0,0,1,0,1,,,,
551,eraTW,1147,,拡張バルーン,,,,1,1,1,0,0,1,0,1,,,,
552,eraTW,1148,,アナル電極,__ERAI/anal electrode__,,,1,1,1,0,0,1,0,1,,,,
553,eraTW,1149,,,,,,1,1,1,0,0,1,0,1,,,,
554,eraTW,1150,,胸の谷間を犯す,__ERAI/paizuriEX/straddling__,,,1,1,1,0,0,1,0,1,,,,
555,eraTW,1180,,ローション,__ERAI/lotion__,,,1,1,1,0,0,1,0,1,,,,
556,eraTW,1181,,媚薬,__ERAI/drug__,,,1,1,1,0,0,1,0,1,,,,
557,eraTW,1182,,利尿剤,__ERAI/drug__,,,1,1,1,0,0,1,0,1,,,,
558,eraTW,1183,,ビデオ撮影,__ERAI/video shooting__,,,1,1,1,0,0,1,0,1,,,,
559,eraTW,1184,,野外プレイ,,,,1,1,1,0,0,1,0,1,,,,
560,eraTW,1185,,助手を犯す,,,,1,1,1,0,0,1,0,1,,,,
561,eraTW,1186,,羞恥プレイ,,,,1,1,1,0,0,1,0,1,,,,
562,eraTW,1187,,お風呂場プレイ,,,,1,1,1,0,0,1,0,1,,,,
563,eraTW,1188,,シャワー,__ERAI/shower__,,,1,1,1,0,0,1,0,1,,,,
564,eraTW,1189,,新妻プレイ,__ERAI/wear apron__,,,1,1,1,0,0,1,0,1,,,,
565,eraTW,1190,,エプロンを着ける,,,,1,1,1,0,0,1,0,1,,,,
566,eraTW,1191,,睡眠薬,__ERAI/drug__,,,1,1,1,0,0,1,0,1,,,,
567,eraTW,1300,,会話,__ERAI/talk__,,,1,1,1,0,0,1,0,1,__ERAI/talkEX/failure__,,,
568,eraTW,1301,,お茶を淹れる,__ERAI/tea__,,,1,1,1,0,0,1,0,1,,,,
569,eraTW,1302,,スキンシップ,__ERAI/physical contact__,,,1,1,1,0,0,1,0,1,__ERAI/physical contactEX/failure__,,,
570,eraTW,1303,,謝る,__ERAI/apologize__,,,1,1,1,0,0,1,0,1,__ERAI/apologize__,,,
571,eraTW,1304,,仕事を手伝う,,,,1,1,1,0,0,1,0,1,,,,
572,eraTW,1305,,膝枕してもらう,__ERAI/knee pillow__,,,1,1,1,0,0,1,0,1,,,,
573,eraTW,1307,,頬をつまむ,__ERAI/pinching__,,,1,1,1,0,0,1,0,1,,,,
574,eraTW,1308,,頬をつつく,__ERAI/poking__,,,1,1,1,0,0,1,0,1,,,,
575,eraTW,1309,,頭を撫でる,__ERAI/headpat__,,,1,1,1,0,0,1,0,1,,,,
576,eraTW,1310,,尻を撫でる,__ERAI/stroke the buttocks__,,,1,1,1,0,0,1,0,1,,,,
577,eraTW,1311,,抱き付く,__ERAI/hug__,,,1,1,1,0,0,1,0,1,,,,
578,eraTW,1312,,キスする,"yoshi,dragon car sex",,,1,1,1,0,0,1,0,1,,,,
579,eraTW,1313,,胸愛撫,super dragon yoshi,"male's face,female masturbation,self grabbing",,1,1,1,0,0,1,0,1,,,,
580,eraTW,1314,,アナル愛撫,"super dragon yoshi,((red yoshi))",(penis),,1,1,1,1,1,1,0,1,,,,
581,eraTW,1315,,クリ愛撫,"super dragon yoshi,((blue yoshi))",,,1,1,1,0,0,1,0,1,,,,
582,eraTW,1316,,指挿れ,"super dragon yoshi,((yellow yoshi))",,,1,1,1,0,0,1,0,1,,,,
583,eraTW,1330,,スカートをめくる,__ERAI/skirt lift__,(lifted by self:1.1) ,,1,1,1,0,0,1,0,1,__ERAI/skirt liftEX/failure__,,,
584,eraTW,1350,,押し倒す,__ERAI/push down__,,,1,1,1,0,0,1,0,1,,,,
585,eraTW,1351,,連れ出す,,,,1,1,1,0,0,1,0,1,,,,
586,eraTW,1352,,告白する,__ERAI/confession__,,,1,1,1,0,0,1,0,1,,,,
587,eraTW,1353,,イタズラする,__ERAI/push downEX/not push down__,,,1,1,1,0,0,1,0,1,,,,
588,eraTW,1354,,添い寝する,__ERAI/soine__,,,,,,0,0,1,0,1,,,,
589,eraTW,1360,,身を任せる,,,,,,,0,0,1,0,1,,,,
590,eraTW,1361,,抵抗する,,,,,,,0,0,1,0,1,,,,
591,eraTW,1362,,逃げる,,,,,,,0,0,1,0,1,,,,
592,eraTW,1400,,移動,idoido,,,1,1,0,0,0,1,0,1,,,,
593,eraTW,1401,,コレクション,,,,,,,0,0,1,0,1,,,,
594,eraTW,1402,,就寝,Going to bed,,,,,,0,0,1,0,1,,,,
595,eraTW,1403,,休憩,__ERAI/break__,,,,,,0,0,1,0,1,,,,
596,eraTW,1405,,出掛ける,go out,,,,,,0,0,1,0,1,,,,
597,eraTW,1410,,掃除,__ERAI/sweeping__,,,,,,0,0,1,0,1,,,,
598,eraTW,1411,,戦闘訓練,__ERAI/combat training__,,,,,,0,0,1,0,0,,,,
599,eraTW,1412,,勉強,__ERAI/study__,,,,,,0,0,1,0,1,,,,
600,eraTW,1413,,料理,コマンド名「料理を作る」で参照だからこれは呼ばれない,,,,,,0,0,1,0,1,,,,
601,eraTW,1414,,食事,コマンド名「食事を取る」で参照だからこれは呼ばれない,,,,,,0,0,1,0,1,,,,
602,eraTW,1415,,食事をふるまう,__ERAI/eating__,,,1,1,1,0,0,1,0,1,__ERAI/have a meal__,,,
603,eraTW,1416,,演奏する,play,,,,,,0,0,1,0,1,,,,
604,eraTW,1420,,る～ことと話す,Talk to,,,,,,0,0,1,0,1,,,,
605,eraTW,1427,,天候操作,Weather operation,,,,,,0,0,1,0,1,,,,
606,eraTW,1428,,小槌を使う,Use a gavel,,,,,,0,0,1,0,1,,,,
607,eraTW,1460,,妄想オナニー,Delusion masturbation,,,,,,0,0,1,0,1,,,,
608,eraTW,1461,,我に返る,Return to me,,,,,,0,0,1,0,1,,,,
609,eraTW,1501,,シックスナイン,Six Nine,multiple penis,"%縦長%,%正方形%,%横長%",1,1,0,0,0,1,0,1,,,暫定でフェラ,
610,eraTW,1502,,岩清水,Iwashimizu,,,1,1,1,0,0,1,0,1,,,,
611,eraTW,1503,,Ｇスポット刺激,G spot stimulus,,,,,,0,0,1,0,1,,,,
612,eraTW,1504,,乱れ牡丹,Disturbed peony,,,,,,0,0,1,0,1,,,,
613,eraTW,1505,,手淫フェラ,Outponfro,,,,,,0,0,1,0,1,,,,
614,eraTW,1506,,挿入Ｇスポット責め,Insert G spot blame,,%縦長%,1,1,1,0,0,1,0,1,,,,
615,eraTW,1507,,挿入子宮口責め,Inserted cervix,,%横長%,1,1,1,0,0,1,0,1,,,,
616,eraTW,1508,,６９パイズリ,69 fucking,,,1,1,1,0,0,1,0,1,,,,派生コマンド
617,eraTW,1509,,ダブルフェラ,__ERAI/cooperative/fellatio__,,,1,1,1,0,0,1,0,1,,,,
618,eraTW,1510,,ダブル素股,Double intercrural sex,,,,,,0,0,1,0,1,,,,
619,eraTW,1511,,ダブルパイズリ,Double fucking,,,,,,0,0,1,0,1,,,,
620,eraTW,1512,,パイズリフェラ,Paizurifeller,"multiple nipples,multiple penis,pussy,wide shot",%正方形%,1,1,1,0,0,1,0,1,%汎用拒否%,%汎用拒否ネガ%,,
621,eraTW,1513,,交互挿入,,,,,,,0,0,1,0,1,,,,
622,eraTW,1514,,Ｓ状結腸責め,S -form intestinal blame,,,,,,0,0,1,0,1,,,,
623,eraTW,1515,,膣裏責め,Back of the vagina,,,,,,0,0,1,0,1,,,,
624,eraTW,1560,,耳かき,__ERAI/earpick__,,,,,,0,0,1,0,1,,,,
625,eraTW,1561,,抱きまくら,hugging pillow,,,,,,0,0,1,0,1,,,,
626,eraTW,1562,,デコちゅー,Deco -chu,,,,,,0,0,1,0,1,,,,
627,eraTW,1563,,もっとキスする,Kiss more,,,,,,0,0,1,0,1,,,,
628,eraTW,1580,,手を引く,Pull out,,,,,,0,0,1,0,1,,,,
629,eraTW,1603,,手を繋ぐ,Hold hands,,,,,,0,0,1,0,1,,,,
630,eraTW,1604,,散策する,Stroll,,,,,,0,0,1,0,1,,,,
631,eraTW,1605,,寄り道する,I'll drop by on the way,,,,,,0,0,1,0,1,,,,
632,eraTW,1610,,食事に誘う（\2000消費）,Invite to a meal (\ 2000 consumption),,,,,,0,0,1,0,1,,,,
633,eraTW,1611,,買い物する,Shop,,,,,,0,0,1,0,1,,,,
634,eraTW,1612,,プレゼント,present,,,,,,0,0,1,0,1,,,,
635,eraTW,1613,,お金稼ぎする,Make money,,,,,,0,0,1,0,1,,,,
636,eraTW,1619,,酒屋,Liquor store,,,,,,0,0,1,0,1,,,,
637,eraTW,1700,,愛撫(慰),Caress (comfort),,,,,,0,0,1,0,1,,,,
638,eraTW,1701,,クンニ(慰),Cunnilingus (comfort),,,,,,0,0,1,0,1,,,,
639,eraTW,1702,,セルフフェラ(慰),Self -blow (comfort),,,,,,0,0,1,0,1,,,,
640,eraTW,1703,,指挿れ(慰),Finger insertion (comfort),,,,,,0,0,1,0,1,,,,
641,eraTW,1704,,アナル舐め(慰),Anal lick (comfort),,,,,,0,0,1,0,1,,,,
642,eraTW,1705,,アナル愛撫(慰),Anal caress (comfort),,,,,,0,0,1,0,1,,,,
643,eraTW,1706,,胸愛撫(慰),Chest caress (comfort),,,,,,0,0,1,0,1,,,,
644,eraTW,1707,,乳首責め(慰),Nipple torture (comfort),,,,,,0,0,1,0,1,,,,
645,eraTW,1708,,秘貝開帳(慰),Secret Kai Kaiko (comfort),,,1,1,1,0,0,1,0,1,%汎用拒否%,%汎用拒否ネガ%,,
646,eraTW,1709,,手淫(慰),Polish (comfort),,,,,,0,0,1,0,1,,,,
647,eraTW,1712,,胸揉み(慰),Chest massage (comfort),,,,,,0,0,1,0,1,,,,
648,eraTW,1713,,アナル開帳(慰),Anal opening book (comfort),,,,,,0,0,1,0,1,,,,
649,eraTW,1740,,ローター,chouhuku nanode koreha yomare nai hazu,,,,,,0,0,1,0,1,,,,
650,eraTW,1741,,Ｅマッサージャ,chouhuku nanode koreha yomare nai hazu,,,,,,0,0,1,0,1,,,,
651,eraTW,1742,,クリキャップ,chouhuku nanode koreha yomare nai hazu,,,,,,0,0,1,0,1,,,,
652,eraTW,1743,,オナホール,chouhuku nanode koreha yomare nai hazu,,,,,,0,0,1,0,1,,,,
653,eraTW,1744,,バイブ,chouhuku nanode koreha yomare nai hazu,,,,,,0,0,1,0,1,,,,
654,eraTW,1745,,アナルバイブ,chouhuku nanode koreha yomare nai hazu,,,,,,0,0,1,0,1,,,,
655,eraTW,1746,,アナルビーズ,chouhuku nanode koreha yomare nai hazu,,,,,,0,0,1,0,1,,,,
656,eraTW,1747,,ニプルキャップ,chouhuku nanode koreha yomare nai hazu,,,,,,0,0,1,0,1,,,,
657,eraTW,1748,,搾乳機,chouhuku nanode koreha yomare nai hazu,,,,,,0,0,1,0,1,,,,
658,eraTW,4001,,距離が近い,the distance is close,,,,,,0,0,1,0,1,,,,カウンター行動
659,eraTW,4002,,チラ見,Seeing a flicker,,,,,,0,0,1,0,1,,,,カウンター行動
660,eraTW,4003,,おはなし,Story,,,,,,0,0,1,0,1,,,,カウンター行動
661,eraTW,4004,,いい匂い,Sweet smell,,,,,,0,0,1,0,1,,,,カウンター行動
662,eraTW,4009,,中出し後,After the vaginal cum shot,,,,,,0,0,1,0,1,,,,カウンター行動
663,eraTW,4011,,近寄ってくる,Approach,,,,,,0,0,1,0,1,,,,カウンター行動
664,eraTW,4012,,笑顔を浮かべる,Smile,,,,,,0,0,1,0,1,,,,カウンター行動
665,eraTW,4013,,構って欲しがる,I want you to take care,,,,,,0,0,1,0,1,,,,カウンター行動
666,eraTW,4014,,身をすり寄せる,Trim,,,,,,0,0,1,0,1,,,,カウンター行動
667,eraTW,4015,,見つめてくる,Stare at,,,,,,0,0,1,0,1,,,,カウンター行動
668,eraTW,4016,,肩にあご乗せ,Put on your shoulder,,,,,,0,0,1,0,1,,,,カウンター行動
669,eraTW,4017,,差し入れ,Interruption,,,,,,0,0,1,0,1,,,,カウンター行動
670,eraTW,4020,,色っぽい仕草,Sicky gestures,,,,,,0,0,1,0,1,,,,カウンター行動
671,eraTW,4021,,見つめる,stare,,,,,,0,0,1,0,1,,,,カウンター行動
672,eraTW,4022,,体を摺り寄せる,Slide the body,,,,,,0,0,1,0,1,,,,カウンター行動
673,eraTW,4023,,スカートを捲る,Turn up the skirt,,,,,,0,0,1,0,1,,,,カウンター行動
674,eraTW,4024,,耳元に息を吹きかける,Bring your breath on your ears,,,,,,0,0,1,0,1,,,,カウンター行動
675,eraTW,4025,,尻を撫でる,Stroke the buttocks,,,,,,0,0,1,0,1,,,,カウンター行動
676,eraTW,4026,,腕に抱き付き,Hugging on your arm,,,,,,0,0,1,0,1,,,,カウンター行動
677,eraTW,4027,,谷間を見せる,Show the valley,,,,,,0,0,1,0,1,,,,カウンター行動
678,eraTW,4028,,尻ズリ,Ass,,,,,,0,0,1,0,1,,,,カウンター行動
679,eraTW,4030,,キス,kiss,,,,,,0,0,1,0,1,,,,カウンター行動
680,eraTW,4031,,後ろから抱きつく,Hug from behind,,,,,,0,0,1,0,1,,,,カウンター行動
681,eraTW,4032,,前から抱きつく,Hugging from before,,,,,,0,0,1,0,1,,,,カウンター行動
682,eraTW,4033,,胸を揉ませる,Rub your chest,,,,,,0,0,1,0,1,,,,カウンター行動
683,eraTW,4034,,股間をまさぐる,Wrap the crotch,,,,,,0,0,1,0,1,,,,カウンター行動
684,eraTW,4035,,スカートの中を見せる,Show the inside of the skirt,,,,,,0,0,1,0,1,,,,カウンター行動
685,eraTW,4036,,後ろから胸もみもみ,Chest from behind,,,,,,0,0,1,0,1,,,,カウンター行動
686,eraTW,4039,,飴強奪,Robbery,,,,,,0,0,1,0,1,,,,カウンター行動
687,eraTW,4041,,正常位Ｖおねだり,Missionary position v -begging,,,,,,0,0,1,0,1,,,,カウンター行動
688,eraTW,4043,,後背位Ｖおねだり,Dagui position v begging,,,,,,0,0,1,0,1,,,,カウンター行動
689,eraTW,4044,,後背位Ａおねだり,Bearing A Bee,,,,,,0,0,1,0,1,,,,カウンター行動
690,eraTW,4050,,手淫,Inderminence,multiple penis,,1,1,1,0,0,1,0,1,%汎用拒否%,%汎用拒否ネガ%,,カウンター行動
691,eraTW,4051,,フェラチオ、クンニ,"Fellatio, cunnilingus",,,,,,0,0,1,0,1,,,,カウンター行動
692,eraTW,4052,,素股、貝合わせ,"Corr substitute, shellfish matching",,,,,,0,0,1,0,1,,,,カウンター行動
693,eraTW,4053,,パイズリ,Fucking,"multiple nipples,multiple penis,pussy,wide shot",%正方形%,1,1,1,0,0,1,0,1,%汎用拒否%,%汎用拒否ネガ%,,カウンター行動
694,eraTW,4054,,足コキ,Footjob,,,,,,0,0,1,0,1,,,,カウンター行動
695,eraTW,4055,,アナル愛撫,Anal caress,(penis),,1,1,1,1,1,1,0,1,,,,カウンター行動
696,eraTW,4056,,アナル舐め,Anal licking,(penis),,1,1,1,1,1,1,0,1,,,,カウンター行動
697,eraTW,4057,,指挿入,Finger insertion,,,,,,0,0,1,0,1,,,,カウンター行動
698,eraTW,4058,,胸愛撫,Chest caress,"male's face,female masturbation,self grabbing",,1,1,1,0,0,1,0,1,,,,カウンター行動
699,eraTW,4059,,乳首吸い,Nipple sucking,,,,,,0,0,1,0,1,,,,カウンター行動
700,eraTW,4060,,ディープキス,Deep kiss,,,,,,0,0,1,0,1,,,,カウンター行動
701,eraTW,4070,,クンニ強制,Cunnilingians,,,,,,0,0,1,0,1,,,,カウンター行動
702,eraTW,4071,,フェラチオ強制,Fellatio forced,,,,,,0,0,1,0,1,,,,カウンター行動
703,eraTW,4072,,アナル奉仕,Anal service,,,,,,0,0,1,0,1,,,,カウンター行動
704,eraTW,4073,,ぱふぱふ,Plow,(lower body),,1,1,1,0,0,1,0,1,,,,カウンター行動
705,eraTW,4074,,乳合わせ,Milk match,,,,,,0,0,1,0,1,,,,カウンター行動
706,eraTW,4075,,タワシ洗い,Tawashi washing,,,1,1,1,0,0,1,0,1,,,,カウンター行動
707,eraTW,4076,,強制アソコ愛撫,Forced dick caress,,,,,,0,0,1,0,1,,,,カウンター行動
708,eraTW,4077,,乳を吸わせる,Suck the milk,,,,,,0,0,1,0,1,,,,カウンター行動
709,eraTW,4078,,尻ズリ,Ass,,,,,,0,0,1,0,1,,,,カウンター行動
710,eraTW,4080,,正常位される,Be missionary,,,,,,0,0,1,0,1,,,,カウンター行動
711,eraTW,4083,,後背位される,Be d backed,,,,,,0,0,1,0,1,,,,カウンター行動
712,eraTW,4084,,腰振りＶ受け,Swinging V,,,,,,0,0,1,0,1,,,,カウンター行動
713,eraTW,4085,,騎乗位,Cowgirl,,,1,1,1,0,0,1,0,1,%汎用拒否%,%汎用拒否ネガ%,,カウンター行動
714,eraTW,4086,,だいしゅきホールド,Daishiki Hold,,,,,,0,0,1,0,1,,,,カウンター行動
715,eraTW,4087,,騎乗位Ａ,Cowgirl A,,,1,1,1,0,0,1,0,1,%汎用拒否%,%汎用拒否ネガ%,暫定で正常位,カウンター行動
716,eraTW,4088,,腰振りＶ,Swinging v,,,,,,0,0,1,0,1,,,,カウンター行動
717,eraTW,4089,,腰振りＡ,Swing A,,,,,,0,0,1,0,1,,,,カウンター行動
718,eraTW,4090,,後背位Ａ挿入される,Bearing position A inserted,,,,,,0,0,1,0,1,,,,カウンター行動
719,eraTW,4091,,イラマチオされる,Iramatio,,,,,,0,0,1,0,1,,,,カウンター行動
720,eraTW,4093,,腰振り逆Ａ,Swinging reverse A,,,,,,0,0,1,0,1,,,,カウンター行動
721,eraTW,4094,,正常位Ａ挿入される,Missionary A is inserted,,,,,,0,0,1,0,1,,,,カウンター行動
722,eraTW,4120,,頭撫で,Stroking his head,,,,,,0,0,1,0,1,,,,カウンター行動
723,eraTW,4121,,髪梳き,Hair comb,,,,,,0,0,1,0,1,,,,カウンター行動
724,eraTW,4122,,抱きつき,Hug,,,,,,0,0,1,0,1,,,,カウンター行動
725,eraTW,4123,,抱きしめ,Hugging,,,,,,0,0,1,0,1,,,,カウンター行動
726,eraTW,4124,,頬撫で,Stroking cheeks,,,,,,0,0,1,0,1,,,,カウンター行動
727,eraTW,4125,,くすぐり,Tickling,,,,,,0,0,1,0,1,,,,カウンター行動
728,eraTW,4126,,膝枕させる,Make a knee pillow,,,,,,0,0,1,0,1,,,,カウンター行動
729,eraTW,4127,,匂いを嗅ぐ,Smell,,,,,,0,0,1,0,1,,,,カウンター行動
730,eraTW,4128,,話しかける,talk,,,,,,0,0,1,0,1,,,,カウンター行動
731,eraTW,4129,,首筋舐め,Licking the neck,"(lower body:1.4),(lower back,ass,buttocks,butt,thigh:1.4",,1,1,1,0,0,1,0,1,,,,カウンター行動
732,eraTW,4141,,キャラ固有1,Character cleaning 1,,,,,,0,0,1,0,1,,,,カウンター行動
733,eraTW,4142,,キャラ固有2,Character -up 2,,,,,,0,0,1,0,1,,,,カウンター行動
734,eraTW,4143,,キャラ固有3,Character -up 3,,,,,,0,0,1,0,1,,,,カウンター行動
735,eraTW,4144,,キャラ固有4,Character cleaning 4,,,,,,0,0,1,0,1,,,,カウンター行動
736,eraTW,4145,,キャラ固有5,Character -up 5,,,,,,0,0,1,0,1,,,,カウンター行動
,,55X,,触手服,Tactic clothing,,,1,1,1,0,0,1,0,1,,,(構想中/触手エプロンって名前もあり？),紳士的な触手系コマンド
,,,,時間停止,__ERAI/timestop__,,,1,1,1,0,0,1,0,0,,,,
,,,,着衣胸愛撫,__ERAI/breast grabEX/clothing__,nipples,,1,1,1,0,0,1,0,1,,,,
,,,,着衣胸揉み,__ERAI/breast grabEX/clothing__,nipples,,1,1,1,0,0,1,0,1,,,,
,,,,愚痴を聞く,__ERAI/talk__,,,,,,,,,,,,,,
,,,派生,お掃除フェラV,__ERAI/fellatioEX/cleanup after v__,,,1,1,1,0,0,1,0,1,,,,
,,,派生,お掃除フェラA,__ERAI/fellatioEX/cleanup zoom__,,,1,1,1,0,0,1,0,1,,,,
,,,派生,ナイズリ,__ERAI/paizuriEX/naizuri__,,,1,1,1,0,0,1,0,1,,,,
,,,,対面立位台上,,,,1,1,1,0,0,1,0,1,,,,
,,,派生,対面立位,__ERAI/standing missionary__,,,1,1,1,0,0,1,0,1,,,,
,,,派生,背面立位,__ERAI/standing doggystyle__,,,1,1,1,0,0,1,0,1,,,,
,,,派生,対面立位アナル,__ERAI/anal standing missionary__,,,1,1,1,0,0,1,0,1,,,,
,,,派生,背面立位アナル,__ERAI/anal standing doggystyle__,,,1,1,1,0,0,1,0,1,,,,
,,,,立ち_愛撫,__ERAI/caressEX/standing__,,,1,1,1,0,0,1,0,1,,,,
,,,,立ち_クンニ,__ERAI/cunnilingusEX/standing__,,,1,1,1,0,0,1,0,1,,,,
,,,,立ち_指挿れ,__ERAI/fingeringEX/standing__,,,1,1,1,0,0,1,0,1,,,,
,,,,立ち_胸愛撫,未,,,1,1,1,0,0,1,0,1,,,,
,,,,立ち_乳首責め,未,,,1,1,1,0,0,1,0,1,,,,
,,,,時止_スカートをめくる,__ERAI/skirt liftEX/timestop__,,,1,1,1,0,0,1,0,1,,,,
,,,,時止_スカートをめくる_ノーパン,__ERAI/skirt liftEX/timestop no panties__,,,1,1,1,0,0,1,0,1,,,,
,,,,時止_フェラチオ,__ERAI/fellatioEX/timestop__,,,1,1,1,0,0,1,0,1,,,,
,,,,睡眠_フェラチオ,__ERAI/fellatioEX/sleep__,,,1,1,1,0,0,1,0,1,,,,
,,,,時止_パイズリ,__ERAI/paizuriEX/straddling__,,,1,1,1,0,0,1,0,1,,,,
,,,,交互挿入対面,__ERAI/cooperative/standing missionary__,,,1,1,1,0,0,1,0,1,,,,
,,,,交互挿入背面,__ERAI/cooperative/standing doggy__,,,1,1,1,0,0,1,0,1,,,,
,,,,オナニー,"Power plant, Power generation facility, (Electricity:1.4) ,Electricity spark",,,0,0,0,0,0,1,0,0,,,,
,,,,お酒をふるまう,"1girl having a sake party,sake cup,drinking alcohol",,,1,1,1,0,0,1,0,1,,,,
,,,,食事を取る,__ERAI/eatingEX/alone__,,,0,0,0,0,0,0,0,1,Eat a meal,,,
,,,,食事を取る_一緒に,__ERAI/eating__,,,1,1,1,0,0,1,0,1,Eat a meal,,,
,,,,料理を作る,__ERAI/cookingEX/alone__,,,0,0,0,0,0,,0,0,,,,
,,,,料理を作る_一緒に,__ERAI/cooking__,,,1,1,1,0,0,1,0,1,,,,
,,,,釣りをする,"fishing,fishing rod",,,0,0,0,0,0,1,0,1,,,,
,,,,釣りをする_一緒に,"1girl,looking back,fishing,fishing rod,bust shot",,,1,1,1,0,0,1,0,1,,,,
,,,,採集する,,,,0,0,0,0,0,0,0,0,,,,
,,,,採集する_一緒に,,,,1,1,1,0,0,1,0,1,,,,
,,,なに考えてるの,自由行動に付き合う_0,"1girl,talking,open mouth,facing viewer,face focus",,,1,1,1,0,0,1,0,1,,,,
,,,一緒に遊ぶ,自由行動に付き合う_1,"1girl ,frolic ,playing,facing viewer,bust shot",,,1,1,1,0,0,1,0,1,,,,
,,,一緒に食事する,自由行動に付き合う_2,"1girl,eating a meal,facing viewer,face focus",,,1,1,1,0,0,1,0,1,,,,
,,,一緒につまみ食い,自由行動に付き合う_3,"1girl,Sneaking a bite,bust shot",,,1,1,1,0,0,1,0,1,,,,
,,,掃除を手伝う,自由行動に付き合う_4,"1girl,cleaning,looking back",,,1,1,1,0,0,1,0,1,,,,
,,,一緒に運動する,自由行動に付き合う_5,"1girl ,(exercising ,action scene),facing viewer,bust shot ",,,1,1,1,0,0,1,0,1,,,,
,,,本の感想を聞く,自由行動に付き合う_6,"1girl ,reading a book,facing viewer,face focus",,,1,1,1,0,0,1,0,1,,,,
,,,料理を手伝う,自由行動に付き合う_7,"1girl,cooking,looking back,face focus",,,1,1,1,0,0,1,0,1,,,,
,,,セッションする,自由行動に付き合う_8,"1girl,playing instrument ,facing viewer,bust shot",,,1,1,1,0,0,1,0,1,,,,
,,,採集を手伝う,自由行動に付き合う_9,"1girl,harvesting,carrying a basket on back",,,1,1,1,0,0,1,0,1,,,,
,,,一緒に釣りをする,自由行動に付き合う_10,"1girl,looking back,fishing,fishing rod,bust shot",,,1,1,1,0,0,1,0,1,,,,
,,,実験を手伝う,自由行動に付き合う_11,"(conduct an experiment,laboratory:1.2)",,,1,1,1,0,0,1,0,0,,,,
,,,一緒にのんびりする,自由行動に付き合う_12,"1girl,relax,looking viewer",,,1,1,1,0,0,1,0,1,,,,
,,,晩酌に付き合う,自由行動に付き合う_13,"1girl having a sake party,sake cup,drinking alcohol,facing viewer,bust shot",,,1,1,1,0,0,0,0,1,,,,
,,,買い物を手伝う,自由行動に付き合う_14,"1girl ,shopping,facing viewer,face focus",,,1,1,1,0,0,1,0,1,,,,
,,,様子をうかがう,自由行動に付き合う_15,"1girl ,sermon,preaching",,,1,1,1,0,0,1,0,1,,,,
,,,いたずらに付き合う,自由行動に付き合う_16,"1girl ,dig a hole,shovel",,,1,1,1,0,0,1,0,1,,,,
,,,一緒に雪作り,自由行動に付き合う_17,"1girl ,making a snowman,looking at viewer",,,1,1,1,0,0,1,0,1,,,,
,,,炬燵でくつろぐ,自由行動に付き合う_18,"1girl ,relax at the kotatsu together,facing viewer",,,1,1,1,0,0,1,0,1,,,,
,,,考え事,自由行動_0,"1girl ,thinking,deep thinker, hand on own chin",,,1,1,1,0,0,1,0,1,,,,
,,,遊ぶ,自由行動_1,"1girl ,frolic ,playing",,,1,1,1,0,0,1,0,1,,,,
,,,食事,自由行動_2,"1girl,eating a meal",,,1,1,1,0,0,1,0,1,,,,
,,,つまみ食い,自由行動_3,"1girl,Sneaking a bite,bust shot",,,1,1,1,0,0,1,0,1,,,,
,,,掃除,自由行動_4,"1girl,cleaning",,,1,1,1,0,0,1,0,1,,,,
,,,運動,自由行動_5,"1girl ,(exercising girl),training,sweat",,,1,1,1,0,0,1,0,1,,,,
,,,読書,自由行動_6,"1girl ,reading a book",,,1,1,1,0,0,1,0,1,,,,
,,,料理,自由行動_7,"1girl,cooking",,,1,1,1,0,0,1,0,1,,,,
,,,演奏,自由行動_8,"1girl,playing instrument",,,1,1,1,0,0,1,0,1,,,,
,,,採集,自由行動_9,"1girl,harvesting,carrying a basket on back",,,1,1,1,0,0,1,0,1,,,,
,,,釣り,自由行動_10,"1girl,looking back,fishing,fishing rod",,,1,1,1,0,0,1,0,1,,,,
,,,実験,自由行動_11,"(conduct an experiment,laboratory:1.2)",,,1,1,1,0,0,1,0,0,,,,
,,,のんびり,自由行動_12,"1girl,relax",,,1,1,1,0,0,1,0,1,,,,
,,,晩酌,自由行動_13,"1girl having a sake party,sake cup,drinking alcohol",,,1,1,1,0,0,1,0,1,,,,
,,,買い物,自由行動_14,"1girl ,shopping",,,1,1,1,0,0,1,0,1,,,,
,,,説教,自由行動_15,"1girl ,sermon,preaching",,,1,1,1,0,0,1,0,1,,,,
,,,落とし穴,自由行動_16,"1girl ,dig a hole,shovel",,,1,1,1,0,0,1,0,1,,,,
,,,雪だるま作り,自由行動_17,"1girl ,making a snowman",,,1,1,1,0,0,1,0,1,,,,
,,,炬燵でのんびり,自由行動_18,"1girl ,relax at the kotatsu",,,1,1,1,0,0,1,0,1,,,,
,,,清掃,仕事_40,"1girl,cleaning",,,1,1,1,0,0,1,0,1,,,,
,,,会話,仕事_41,"1girl,giving a speech",,,1,1,1,0,0,1,0,1,,,,
,,,戦闘,仕事_42,"1girl,(fighting stance:0.7),(motion lines:1.1),(Trajectory of light bullets,light bullets, bullets leaveing luminous trails:1.2),(danmaku:1.2),magic circle",,,1,1,1,0,0,1,0,1,,,,
,,,教養,仕事_43,"1girl ,reading a book",,,1,1,1,0,0,1,0,1,,,,
,,,料理,仕事_44,"1girl,cooking",,,1,1,1,0,0,1,0,1,,,,
,,,音楽,仕事_45,"1girl,playing instrument",,,1,1,1,0,0,1,0,1,,,,
,,,遊び,仕事_46,"1girl ,frolic ,playing",,,1,1,1,0,0,1,0,1,,,,
,,,商売中,仕事_47,"1girl,Business",,,1,1,1,0,0,1,0,1,,,,
,,,宴会の準備,仕事_48,"1girl,Preparation for banquets",,,1,1,1,0,0,1,0,1,,,,
,,,宴会に参加,仕事_49,"1girl,Participate in banquets",,,1,1,1,0,0,1,0,1,,,,
,,,片づけ,仕事_50,"1girl,Cleaning up",,,1,1,1,0,0,1,0,1,,,,
,,,宴会後の酔い,仕事_51,"1girl,Drunk after banquet",,,1,1,1,0,0,1,0,1,,,,
,,,女子会,仕事_52,"1girl,Women's Association",,,1,1,1,0,0,1,0,1,,,,
,,,調合,仕事_53,"1girl,Formation",,,1,1,1,0,0,1,0,1,,,,
,,,"霊夢,夢子,一輪",仕事_掃除,"1girl,cleaning",,,1,1,1,0,0,1,0,1,,,,
,,,"る～こと,アリス",仕事_家事,"1girl,housework",,,1,1,1,0,0,1,0,1,,,,
,,,"魅魔,萃香,魔理沙,",仕事_トレーニング,"1girl,training",,,1,1,1,0,0,1,0,1,,,,
,,,"魅魔、紫、神奈子,白蓮,永琳,幽々子,隠岐奈,神綺",仕事_定例女子会,"1girl,Regular girls' association",,,1,1,1,0,0,1,0,1,,,,
,,,"ちゆり,夢美",仕事_研究,"1girl,the study",,,1,1,1,0,0,1,0,1,,,,
,,,魔理沙,仕事_発掘作業,"1girl,Excavation work",,,1,1,1,0,0,1,0,1,,,,
,,,"萃香,勇儀",仕事_酒飲み,"1girl,drunkard",,,1,1,1,0,0,1,0,1,,,,
,,,ルーミア,仕事_食料の確保,"1girl,Ensuring food",,,1,1,1,0,0,1,0,1,,,,
,,,チルノ,仕事_アイス屋,"1girl,Ice cream",,,1,1,1,0,0,1,0,1,,,,
,,,レミリア,仕事_日曜日の日課,"1girl,Sunday daily routine",,,1,1,1,0,0,1,0,1,,,,
,,,アリス,仕事_人形劇,"1girl,puppet show",,,1,1,1,0,0,1,0,1,,,,
,,,"アリス,慧音",仕事_後片付け,"1girl,Cleaning up",,,1,1,1,0,0,1,0,1,,,,
,,,"ルナサ,メルラン,リリカ,弁々,八橋,雷鼓",仕事_コンサート,"1girl,concert",,,1,1,1,0,0,1,0,1,,,,
,,,妖夢,仕事_買い出し,"1girl,Purchase",,,1,1,1,0,0,1,0,1,,,,
,,,"藍,紫",仕事_結界管理,"1girl,Barrier management",,,1,1,1,0,0,1,0,1,,,,
,,,ミスティア,仕事_仕込み,"1girl,Preparation",,,1,1,1,0,0,1,0,1,,,,
,,,ミスティア,仕事_屋台の仕事,"1girl,Stall work",,,1,1,1,0,0,1,0,1,,,,
,,,文,仕事_記事執筆,"1girl,Article writing",,,1,1,1,0,0,1,0,1,,,,
,,,映姫,仕事_裁判,"1girl,hold a court,rod of remorse",,,1,1,1,0,0,1,0,1,,,,
,,,"映姫,慧音",仕事_お昼休み,"1girl,lunch break",,,1,1,1,0,0,1,0,1,,,,
,,,映姫,仕事_事務仕事,"1girl,Clerical work",,,1,1,1,0,0,1,0,1,,,,
,,,映姫,仕事_書類整理,"1girl,Organizing documents",,,1,1,1,0,0,1,0,1,,,,
,,,"早苗,白蓮,布都",仕事_勧誘,"1girl,Solicitation",,,1,1,1,0,0,1,0,1,,,,
,,,神奈子,仕事_身体測定,"1girl,physical measurement",,,1,1,1,0,0,1,0,1,,,,
,,,"諏訪子,ぬえ,",仕事_料理,"1girl,cooking",,,1,1,1,0,0,1,0,1,,,,
,,,天子,仕事_願掛け,"1girl,Desire",,,1,1,1,0,0,1,0,1,,,,
,,,"衣玖,雷鼓",仕事_会話,"1girl,giving a speech",,,1,1,1,0,0,1,0,1,,,,
,,,お燐,仕事_怨霊の管理,"1girl,Ghost management,hitodama,blue fire,skull",,,1,1,1,0,0,1,0,1,,,,
,,,お空,仕事_出力管理,"1girl,Output management",,,1,1,1,0,0,1,0,1,,,,
,,,小傘,仕事_ベビーシッター,"1girl,babysitter",,,1,1,1,0,0,1,0,1,,,,
,,,華扇,仕事_食べ歩き,"1girl,Eating and walking",,,1,1,1,0,0,1,0,1,,,,
,,,"華扇,神子",仕事_修行,"1girl,Training",,,1,1,1,0,0,1,0,1,,,,
,,,エレン,仕事_魔法屋の出張,"1girl,Magical shop business trip",,,1,1,1,0,0,1,0,1,,,,
,,,エレン,仕事_採集,"1girl,Gathering",,,1,1,1,0,0,1,0,1,,,,
,,,鈴仙,仕事_薬売り,"1girl,Drug sales",,,1,1,1,0,0,1,0,1,,,,
,,,鈴仙,仕事_調剤,"1girl,Dispensing",,,1,1,1,0,0,1,0,1,,,,
,,,パチュリー,仕事_読書,"1girl,reading",,,1,1,1,0,0,1,0,1,,,,
,,,こころ,仕事_能楽,"1girl,Noh music",,,1,1,1,0,0,1,0,1,,,,
,,,こころ,仕事_能楽の練習,"1girl,Noh practice",,,1,1,1,0,0,1,0,1,,,,
,,,パルスィ,仕事_橋の見張り,"1girl,Viewing of the bridge",,,1,1,1,0,0,1,0,1,,,,
,,,輝夜,仕事_月都万象展の司会,"1girl,Moderat of Tsukitomin Elephant Exhibition",,,1,1,1,0,0,1,0,1,,,,
,,,輝夜,仕事_盆栽の世話,"1girl,Bonsai care",,,1,1,1,0,0,1,0,1,,,,
,,,椛,仕事_警備,"1girl,on patrol duty",,,1,1,1,0,0,1,0,1,,,,
,,,慧音,仕事_寺子屋の授業,"1girl,Terakoya class, lecture to japanese class,book",,,1,1,1,0,0,1,0,1,,,,
,,,幽香,仕事_お花の手入れ,"1girl,caring for flowers",,,1,1,1,0,0,1,0,1,,,,
,,,小鈴,仕事_店番,"1girl,looking after a shop",,,1,1,1,0,0,1,0,1,,,,
,,,小鈴,仕事_蔵書整理,"1girl,Collection of books",,,1,1,1,0,0,1,0,1,,,,
,,,永琳,仕事_診察,"1girl, sitting,chair,doctor examining a patient,Stethoscope",,,1,1,1,0,0,1,0,1,,,,
,,,メディスン,仕事_毒採集,"1girl,Poison collection",,,1,1,1,0,0,1,0,1,,,,
,,,小町,仕事_船頭,"1girl,boatman,oar",,,1,1,1,0,0,1,0,1,,,,
,,,雛,仕事_厄集め,"1girl,Gathering",,,1,1,1,0,0,1,0,1,,,,
,,,阿求,仕事_執筆作業,"1girl,Writing work",,,1,1,1,0,0,1,0,1,,,,
,,,"蓮子,メリー",仕事_レポート,"1girl,Report",,,1,1,1,0,0,1,0,1,,,,
,,,星,仕事_説法,"1girl,sitting formally,meditation,palms together,sitting,open mouth",,,1,1,1,0,0,1,0,1,,,,
,,,星,仕事_勤行,"1girl,sitting formally,meditation,palms together,sitting,closed eyes,closed mouth",,,1,1,1,0,0,1,0,1,,,,
,,,芳香,仕事_メンテナンス（被）,"1girl,under maintenance",,,1,1,1,0,0,1,0,1,,,,
,,,青蛾,仕事_メンテナンス,"1girl,maintenance",,,1,1,1,0,0,1,0,1,,,,
,,,久侘歌,仕事_関所番,"1girl,The gatekeeper is blocking the way",,,1,1,1,0,0,1,0,1,,,,
,,,美宵,仕事_給仕,"1girl,Serving food on trays",,,1,1,1,0,0,1,0,1,,,,
