"TEQUIP","値","名称","プロンプト","ネガティブ","備考"
40,1,"緊縛 縄","nude,shibari, Japanese Bondage, rope",,
40,2,"緊縛 四肢緊縛","nude,shibari, Japanese Bondage, rope",,
40,3,"緊縛 亀甲縛り","nude,shibari, Japanese Bondage, rope",,
40,4,"緊縛 吊り下げ","nude,shibari, Japanese Bondage, rope",,
41,1,"眼隠し アイマスク","((blindfold))",,
42,1,"猿轡 ボールギャグ","ball gagged , gag , ball gag",,
42,3,"猿轡 強制開口器","circle gag mouth",,
44,1,"鼻フック","(NOSE HOOK)",,
,,,,,
,,,,,
,,,,,
"59 ",1,"1:裸エプロン","(apron on naked body:1.3)",,
"59 ",2,"2:スク水プレイ","(navy school swimsuit,sleeveless:1.3)","navel",
"59 ",3,"女教師の衣装","(dress shirt,piece suit,glasses,pencil skirt,pantyhose:1.3)",,
"59 ",4,"和服","(kimono:1.3)",,"色やデザインを固めないと毎回いろんな服を着る"
"59 ",5,"メイド服","(maid costume,maid apron,frilled clothes:1.3)",,
"59 ",6,"体操服＋ブルマ","(gym uniform:1.3)",,
"59 ",7,"ナース服","(pink nurse costume:1.3)",,
"59 ",8,"チャイナ服","(china dress:1.3)",,
"59 ",9,"セーラー服","(school uniform,serafuku:1.3)",,
"59 ",10,"ネグリジェ","(negligee:1.3)",,
"59 ",11,"裸Ｙシャツ","(naked_shirt,botomless:1.3)",,
"59 ",12,"ビキニ","(bikini:1.3)",,
"59 ",13,"危ないレオタード","(thin leotard:1.3)",,
"59 ",14,"バニースーツ","(playboy bunny:1.3)",,
"59 ",15,"ボンデージ","(bondage:1.3)",,
"59 ",16,"園児服","(kids kindergarten uniform:1.3)",,
"59 ",17,"褌だけ","(naked upper body,fundoshi:1.3)",,
"59 ",18,"軍服","(military or naval uniform:1.3)",,
"59 ",19,"ウェディングドレス","(wedding dress:1.3)",,
"59 ",20,"ゴシックロリータ","(gothic lolita:1.3)",,
"59 ",21,"裸サスペンダー","(naked overall:1.3)",,
"59 ",22,"巫女衣装","(white kimono,red hakama:1.3)",,
,,,,,
"0 ",1,"デバッグフォース(0:補正無し, 1:命令補正に＋999, 2:命令補正に－999)",,,
"1 ",1,"ＥＸ化",,,
"7 ",1,"感覚増幅薬",,,
"8 ",1,"陰核成長剤",,,
"9 ",1,"産卵促進剤",,,
"10 ",1,"ローション",,,
"11 ",1,"1:媚薬, 2～:媚薬風呂・特殊効果発揮時間用",,,
"12 ",1,"利尿剤",,,
"13 ",1,"賢者の血(1:反動が終わった, 2:反動中, 3～:効果発揮中)",,,
"14 ",1,"興奮剤",,,
"15 ",1,"坐剤(ビット演算:1=アナルに座薬, 2=膣に座薬, 4=アナルにフリスク)",,,
"16 ",1,"1:排卵誘発剤, 2:触手排卵剤",,,
"17 ",1,"1:緊急避妊薬, 2:触手避妊膜",,,
"18 ",1,"鈴蘭の毒",,,
"19 ",1,"昆虫採集セットの薬",,,
"20 ",1,"1:バイブ装着or触手Ｖ挿入, 2:ヴァギナ要石or触手Ｇスポ責め, 3:ローターＶ挿入or触手子宮責め, 4:ヴァギナ電極, 5:ヴァギナバーベル, 6:ヴァギナバルーン, 7:愛液採集器or触手愛液採集, 8:, 9:焼芋挿入中",,,"ヴァギナ描画フラグが立つシーンでのみ描画する　(vagina with a dildo inside:0.8)とか書いたけどいい結果にならないので消した"
"21 ",1,"1:クスコ, 2:触手幽霊膣鏡",,,
"25 ",1,"1:アナルバイブ装着or触手Ａ挿入, 2:アナル要石or触手小腸責め, 3:アナルローターor触手貫通, 4:アナル電極or触手腸内撮影, 5:アナルビーズ, 6:アナルバルーン, 7:浣腸＋アナルプラグ装着, 8:空気浣腸, 9:巨峰挿入中,10:アナルバーベル,11:浣腸垂れ流し中",,,"アナル描画フラグが立つシーンでのみ描画する"
25,5,"アナルビーズ",,,"Loraを試したが後ろ構図でしか描けない。コマンド実行時だけ描画する"
"26 ",1,"氷柱",,,
"30 ",1,"1:クリキャップ装着or触手クリ責め, 2:オナホール装着or触手ペニス責め, 4:陰極電極, 5:洗濯バサミ, 6:電極オナホールor触手放電ペニス責め, 7:触手妖精按摩, 8:触手氷精手淫",,,"eraでは神器だけど絵で見たことない"
"31 ",1,"コンドーム装着",,,"targetがコンドームを装着したときに参照する"
"32 ",1,"カテーテル, 2:採尿器, 3:バルーンカテーテル, 4:尿道系電極, 9:アスパラ挿入中",,,
"35 ",1,"1:二プルキャップ装着or触手乳首責め, 2:搾乳器装着or触手搾乳, 3:触手乳腺挿入, 4:乳房電極, 5:洗濯バサミ",,,
"36 ",1,"サラシ装着中",,,
40,,"緊縛(1:縄で緊縛, 2:四肢緊縛, 3:亀甲縛り, 4:吊り下げ, 5:荊, 6:蜘蛛の糸, 7:蜘蛛の巣, 8:拘束, 9:瞬間拘束)",,,
41,,"眼隠し(1:アイマスク装着, 2:蜘蛛の糸)",,,
42,,"猿轡(1:ボールギャグ装着, 2:触手口辱, 3:強制開口器, 4:触手強制飲酒)",,,
"43 ",1,"三角木馬乗馬中",,,
44,,"鼻フック(1:鼻フック装着, 2:触手鼻穴挿入, 5:洗濯バサミ)",,,
"45 ",1,"耳栓(1:耳栓装着, 2:触手耳穴挿入)",,,
"46 ",1,"飲水中",,,
"50 ",1,"ビデオ撮影",,,"カメラを記述すると自分で持ってしまう　●RECだけ出せたらいいんだけど難しい"
"51 ",1,"ビデオ鑑賞",,,
52,1,"野外プレイ","public indecency,(collar),(leash),(naked,completely unclothed:1.3)",,"首輪とリードと裸指定"
53,1,"お風呂場プレイ",,"(cloth)","プログラム側でlocation上書き。Location.csvからお風呂場を参照"
"54 ",1,"シャワー(1:温水, 2:冷水, 3:熱湯)",,,
"55 ",1,"風呂入浴中(1:蟲風呂, 2:鰻風呂, 3:ローション風呂, 4:スライム風呂, 5:媚薬風呂, 6:媚薬漬け, 7:水牢, 8:精液風呂, 9:酒風呂, 10:トロロ風呂, 11:毛玉風呂, 12:蒸し風呂, 13:国士無双の薬風呂, 14:厄毒風呂, 15:岩盤浴, 16:札束風呂, 17:酒漬け)",,,
"56 ",1,"羞恥プレイ中(1:大鏡, 2:浄玻璃の鏡)",,,
"57 ",1,"お医者さんプレイ",,,
"58 ",1,"オムツプレイ中",,,
,,,,,
"67 ",1,"焦らしプレイ 2",,,
"68 ",1,"焦らしプレイ",,,
"69 ",1,"射精抑制中",,,
"70 ",1,"暗闇",,,
"71 ",1,"時止め",,,
"72 ",1,"幽明の苦輪中",,,
"73 ",1,"狂気の目(調教者がうどんげのとき発動するほう)",,,
"74 ",1,"読心(1:読心, 2:触手読心責め)",,,
"75 ",1,"縮小中(ビット演算:1=奴隷, 2=主人, 4=助手)",,,
"76 ",1,"巨大化(ビット演算:1=奴隷, 2=主人, 4=助手)",,,
"77 ",1,"操りの糸(1:操りの糸, 2:触手精神制御)",,,
"78 ",1,"YASAIモードで使用",,,
"79 ",1,"房中術",,,
"80 ",1,"超凝視",,,
"89 ",1,"お香使用中(1:シダーウッド, 2:ペパーミント, 3:ジャスミン, 4:ラヴェンダー, 5:ムスク, 6:フランキンセンス, 99:触手豊穣淫香)",,,
"90 ",1,"触手調教",,,
"91 ",1,"触手強制回復(1:口内, 2:腕に注射)",,,
"92 ",1,"触手催眠",,,
"93 ",1,"触手膣内産卵",,,
"94 ",1,"触手腸内産卵",,,
"95 ",1,"キャラ触手用コマンド(ビット演算:1=触手潮干狩り, 2=触手厄落とし, 4=触手言葉責め, 8=触手鈴蘭媚薬, 16=触手官能図書, 32=触手淫脈探査, 64=触手最終審判, 128=触手百裂紅葉, 256=触手豊穣淫香)",,,
"96 ",1,"触手チキチキ",,,
"99 ",1,"戦闘状態",,,
