コマンド番号,コマンド名,プロンプト,ネガティブ,解像度,キャラ描画,顔描画,胸描画,ヴァギナ描画,アナル描画,成否判定の有無,拒否プロンプト,拒否ネガティブ,備考
;愛撫系コマンド(0～9),,他のCSVでは「名称」をキーに検索しているが、Trainだけはコマンド番号で検索している。なんで？,,,,,,,,,,,
0,愛撫,__ERAI/caress__,,,,,,,,0,,,
1,クンニ,__ERAI/cunnilingus__,,,1,1,1,1,1,0,,,
2,アナル愛撫,__ERAI/anal caress__,,,1,1,1,1,1,1,,,
3,胸愛撫,__ERAI/breast grab__,,,1,1,1,0,0,0,,,
4,指挿入れ,__ERAI/fingering__,,,1,1,1,0,0,0,,,
5,フェラする,,,,1,1,1,0,0,0,,,
6,キスする,__ERAI/kiss__,,%正方形%,1,1,0,0,0,1,%汎用拒否%,%汎用拒否ネガ%,
7,自慰,__ERAI/masturbation__,,,1,1,1,1,1,1,%汎用拒否%,%汎用拒否ネガ%,
9,何もしない,"nsfw,cute girl sitting on floor,nude,relaxing",,,1,1,1,0,0,0,,,
;--------------------------------------------------,,,,,,,,,,,,,
;基本道具使用コマンド(10～19),,,,,,,,,,,,,
10,ローター,__ERAI/rotor__,,,1,1,1,0,0,0,,,
11,電気按摩,__ERAI/E massager__,,,1,1,1,0,0,0,,,
12,バイブ,__ERAI/dildo__,,,1,1,1,1,1,0,,,
13,アナルバイブ,__ERAI/anal dildo__,,,1,1,1,1,1,0,,,
14,クリキャップ,,,,1,1,1,0,0,0,,,
15,ニプルキャップ,,,,1,1,1,0,0,0,,,
16,オナホール,,,,1,1,1,0,0,0,,,
17,電極オナホール,,,,1,1,1,0,0,0,,,
,,,,,,,,,,,,,
;セックス系コマンド(20～29),,,,,,,,,,,,,
20,正常位,__ERAI/missionary__,,%縦長%,1,1,1,1,0,0,,,
21,後背位,__ERAI/doggystyle__,,,1,1,1,1,1,0,,,
22,対面座位,__ERAI/upright straddle__,,%縦長%,1,1,1,1,0,0,,,
23,背面座位,__ERAI/reverse upright straddle__,,,1,1,1,1,1,0,,,
24,騎乗位,__ERAI/cowgirl__,,,1,1,1,1,0,1,%汎用拒否%,%汎用拒否ネガ%,
25,逆レイプ,,,,1,1,1,0,0,0,,,
26,助手を犯す,,,,1,1,1,0,0,0,,,
27,対面立位,__ERAI/standing missionary__,,%縦長%,1,1,1,1,0,0,,,
28,背面立位,__ERAI/standing doggystyle__,,,1,1,1,1,1,0,,,
;--------------------------------------------------,,,,,,,,,,,,,
;アナルセックス系コマンド(30～39),,,,,,,,,,,,,
30,正常位アナル,__ERAI/anal missionary__,,,1,1,1,1,1,0,,,
31,後背位アナル,__ERAI/anal doggystyle__,,%縦長%,1,1,1,1,1,0,,,
32,対面座位アナル,__ERAI/anal upright straddle__,,,1,1,1,1,1,0,,,
33,背面座位アナル,__ERAI/anal reverse upright straddle__,,,1,1,1,1,1,0,,,
34,騎乗位アナル,__ERAI/anal cowgirl__,,,1,1,1,1,0,1,%汎用拒否%,%汎用拒否ネガ%,
35,逆アナルレイプ,,,,1,1,1,0,0,0,,,
36,助手のＡを犯す,,,,1,1,1,0,0,0,,,
37,対面立位アナル,__ERAI/anal standing missionary__,,,1,1,1,1,1,0,,,
38,背面立位アナル,__ERAI/anal standing doggystyle__,,,1,1,1,1,1,0,,,
;--------------------------------------------------,,,,,,,,,,,,,
;奉仕系コマンド(40～59),,,,,,,,,,,,,
40,手淫,__ERAI/handjob__,,,1,1,1,0,0,1,%汎用拒否%,%汎用拒否ネガ%,
41,フェラチオ,__ERAI/fellatio__,,"%縦長%,%正方形%,%横長%",1,1,0,0,0,1,%汎用拒否%,%汎用拒否ネガ%,
42,パイズリ,__ERAI/paizuri__,,%正方形%,1,1,1,0,0,1,%汎用拒否%,%汎用拒否ネガ%,
43,素股,__ERAI/grinding__,,,1,1,1,0,0,1,%汎用拒否%,%汎用拒否ネガ%,
44,アナル舐め強制,__ERAI/female anilingus__,,%正方形%,1,1,1,0,0,1,%汎用拒否%,%汎用拒否ネガ%,
45,アナルおねだり,"1girl,all fours,from behind,ass,(presenting:1.2),presenting anus,hands on own ass,(spread anus by self:1.2)",,,1,1,1,1,1,1,%汎用拒否%,%汎用拒否ネガ%,
46,足舐め強制,"1boy and 1girl,naked girl kneels at the man's feet and kisses his feet,all fours,tongue,(licking someone's foot,Five toes:1.4)",,,1,1,1,0,0,1,%汎用拒否%,%汎用拒否ネガ%,
47,足扱き,__ERAI/footjob__,,,1,1,1,0,0,1,%汎用拒否%,%汎用拒否ネガ%,
48,髪扱き,"nsfw,1girl, 1boy, (hairjob:1.4),(penis on hair:1.3), solo focus, upper body, arms behind back, (grabbing another's hair:1.2), hand on another's head",,%正方形%,1,1,1,0,0,1,%汎用拒否%,%汎用拒否ネガ%,
49,腋扱き,"upper body,armpitsex,faceless male's lower body behind girl,(penis)",,,1,1,1,0,0,1,%汎用拒否%,%汎用拒否ネガ%,
50,全身扱き,,,,1,1,1,0,0,1,%汎用拒否%,%汎用拒否ネガ%,
51,尻扱き,"nsfw,(all fours,facing away,ass,penis),pov,(from behind),1girl,1boy,buttjob",,,1,1,1,0,0,1,%汎用拒否%,%汎用拒否ネガ%,
52,竿扱き,,,,1,1,1,0,0,1,%汎用拒否%,%汎用拒否ネガ%,
53,玉揉み強制,caressing testicles,,,1,1,1,0,0,1,%汎用拒否%,%汎用拒否ネガ%,
54,玉舐め強制,licking testicles,,,1,1,1,0,0,1,%汎用拒否%,%汎用拒否ネガ%,
55,アナル愛撫強制,,,,1,1,1,0,0,1,%汎用拒否%,%汎用拒否ネガ%,
56,ナイズリ,__ERAI/paizuriEX/naizuri__,,%正方形%,1,1,1,0,0,1,%汎用拒否%,%汎用拒否ネガ%,
;--------------------------------------------------,,,,,,,,,,,,,
;薬品系コマンド(60～79),,,,,,,,,,,,,
60,ローション,__ERAI/lotion__,,,1,1,1,0,0,0,,,
61,媚薬,__ERAI/drug__,,,1,1,1,0,0,0,,,
62,利尿剤,__ERAI/drug__,,,1,1,1,0,0,0,,,
63,座薬,,,,1,1,1,0,0,0,,,
64,座薬(膣),,,,1,1,1,0,0,0,,,
65,賢者の血,__ERAI/drug__,,,1,1,1,0,0,0,,,
66,排卵誘発剤,__ERAI/drug__,,,1,1,1,0,0,0,,,
67,緊急避妊薬,__ERAI/drug__,,,1,1,1,0,0,0,,,
68,産卵促進剤,__ERAI/drug__,,,1,1,1,0,0,0,,,
69,陰核成長剤,__ERAI/drug__,,,1,1,1,0,0,0,,,
70,興奮剤,__ERAI/drug__,,,1,1,1,0,0,0,,,
71,助手避妊薬,__ERAI/drug__,,,1,1,1,0,0,0,,,
72,感覚増幅薬,__ERAI/drug__,,,1,1,1,0,0,0,,,
79,お香を焚く,,,,1,1,1,0,0,0,,,
;--------------------------------------------------,,,,,,,,,,,,,
;注射系コマンド(80～89),,,,,,,,,,,,,
80,クリトリス注射,,,,1,1,1,0,0,0,,,
81,ヴァギナ注射,,,,1,1,1,0,0,0,,,
82,アナル注射,,,,1,1,1,0,0,0,,,
83,バスト注射,,,,1,1,1,0,0,0,,,
84,尿道注射,,,,1,1,1,0,0,0,,,
85,Ｃ肥大注射,,,,1,1,1,0,0,0,,,
86,Ｃ賢者の血注射,,,,1,1,1,0,0,0,,,
88,採血注射,,,,1,1,1,0,0,0,,,
;--------------------------------------------------,,,,,,,,,,,,,
;羞恥プレイ系＋α(90～119),,,,,,,,,,,,,
90,裸エプロン,"standing,wide shot,from head to toe",,,1,1,1,0,0,0,,,装備品のつけ外しするときの様子だけ書く。装備自体の描写はEquip.csv
91,スク水プレイ,"standing,wide shot,from head to toe",,,1,1,1,0,0,0,,,
92,お医者プレイ,,,,1,1,1,0,0,0,,,
93,コスプレ,"standing,wide shot,from head to toe",,,1,1,1,0,0,0,,,
94,助手コスプレ,,,,1,1,1,0,0,0,,,
100,ビデオ撮影,"nude,upper body ,from above,(Recorded girl:1.5),(viewfinder with crosshair and overlay interface ,overlay frame,battery icon,REC text and red circle:1.2),1girl in viewfinder looking at viewer",,,1,1,1,0,0,0,,,
101,ビデオ鑑賞,,,,1,1,1,0,0,0,,,
102,写真撮影,,,,1,1,1,0,0,0,,,
103,羞恥プレイ,,,,1,1,1,0,0,0,,,
104,野外プレイ,"Woman walking with her hands covering her naked body,standing,wide shot,from head to toe",,,1,1,1,0,0,0,,,
105,公開露出ライブ,,,,1,1,1,0,0,0,,,
106,公衆肉便器プレイ,,,,1,1,1,0,0,0,,,
107,裸体盛り,,,,1,1,1,0,0,0,,,
108,ベビープレイ,,,,1,1,1,0,0,0,,,
;109,オムツにお漏らし,,,,1,1,1,0,0,0,,,（未実装）
110,秘貝開帳,__ERAI/spread pussy__,,,1,1,1,0,0,1,%汎用拒否%,%汎用拒否ネガ%,
111,放尿,__ERAI/peeing__,,,1,1,1,0,0,0,,,
112,剃毛,,,,1,1,1,0,0,0,,,
113,毛抜き,,,,1,1,1,0,0,0,,,
114,毛を抜かせる,,,,1,1,1,0,0,0,,,
115,自慰見せつけ,"pov, (male masturbation:1.2),(pov hand), 1boy, 1girl, kneeling, arms at side,from above",fellatio,%縦長%,1,1,1,0,0,0,,,
116,二人自慰見せつけ,,,,1,1,1,0,0,0,,,
117,秘貝開帳見せつけ,,,,1,1,1,0,0,0,,,
118,二人秘貝見せつけ,,,,1,1,1,0,0,0,,,
;--------------------------------------------------,,,,,1,1,1,0,0,0,,,
;Ｃ系拡張コマンド(120～149),,,,,1,1,1,0,0,0,,,
120,焦らしプレイ,,,,1,1,1,0,0,0,,,
121,射精止め,,,,1,1,1,0,0,0,,,
122,豆責め,"1girl, spread legs,faceless male,caressing from behind,hand on another's pussy,clitoral stimulation ,clitoris pull,clitoris tweak",,,1,1,1,0,0,0,,,
123,豆絞り,"1girl, spread legs,faceless male,caressing from behind,hand on another's pussy,clitoral stimulation ,clitoris pull,clitoris tweak",,,1,1,1,0,0,0,,,
124,ローター自慰,"1girl,female masturbation,(pink egg vibrator on pussy:1.1)",,,1,1,1,0,0,0,,,
125,電マ自慰,,,,1,1,1,0,0,0,,,
126,顔面騎乗,,,,1,1,1,0,0,0,,,
128,亀頭責め,,,,1,1,1,0,0,0,,,
130,陰核クリップ,,,,1,1,1,0,0,0,,,
131,陰核電極,,,,1,1,1,0,0,0,,,
132,ペニスローター,,,,1,1,1,0,0,0,,,
133,電マペニス責め,,,,1,1,1,0,0,0,,,
;(陰核成長系コマンド),,,,,1,1,1,0,0,0,,,
135,陰核測定,,,,1,1,1,0,0,0,,,
136,割礼,,,,1,1,1,0,0,0,,,
137,射精機能開発,,,,1,1,1,0,0,0,,,
;(尿道系拡張コマンド),,,,,1,1,1,0,0,0,,,
140,尿道綿棒,,,,1,1,1,0,0,0,,,
141,カテーテル,,,,1,1,1,0,0,0,,,
142,採尿器,,,,1,1,1,0,0,0,,,
143,バルーンカテーテル,,,,1,1,1,0,0,0,,,
144,電極カテーテル,,,,1,1,1,0,0,0,,,
145,飲尿する,,,,1,1,1,0,0,0,,,
146,尿道挿入,,,,1,1,1,0,0,0,,,
;--------------------------------------------------,,,,,1,1,1,0,0,0,,,
;Ｖ系拡張コマンド(150～169),,,,,1,1,1,0,0,0,,,
150,クスコ,,,,1,1,1,0,0,0,,,
151,ローター挿入,,,,1,1,1,0,0,0,,,
152,小陰唇指愛撫,,,,1,1,1,0,0,0,,,
153,愛液採集器,,,,1,1,1,0,0,0,,,
155,ヴァギナ電極,,,,1,1,1,0,0,0,,,
156,ヴァギナバーベル,,,,1,1,1,0,0,0,,,
157,ヴァギナバルーン,,,,1,1,1,0,0,0,,,
;--------------------------------------------------,,,,,1,1,1,0,0,0,,,
;Ａ系拡張コマンド(170～189),,,,,1,1,1,0,0,0,,,
170,ローターＡ挿入,,,,1,1,1,0,0,0,,,
171,アナル電極,__ERAI/anal electrode__,,,1,1,1,0,0,0,,,
172,アナルビーズ,__ERAI/anal beads__,,,1,1,1,0,0,0,,,装備としては安定しないのでつけ外し時に描写。
173,拡張バルーン,,,,1,1,1,0,0,0,,,
174,浣腸プレイ,,,,1,1,1,0,0,0,,,
175,空気浣腸,,,,1,1,1,0,0,0,,,
179,アナルバーベル,,,,1,1,1,0,0,0,,,
180,アナル舐め,"nsfw,Posture of girl on all fours with buttocks protruding,from behind,((ass focus)),botomless,(penis:-1)",,,1,1,1,1,1,0,,,
181,アナル綿棒,,,,1,1,1,0,0,0,,,
182,アナニー,,,,1,1,1,0,0,0,,,
183,尻素股,,,,1,1,1,0,0,0,,,
184,フリスク挿入,,,,1,1,1,0,0,0,,,
186,尻愛撫,"nsfw,Posture of girl on all fours with buttocks protruding,from behind,((ass focus)),botomless,(penis:-1)",,,1,1,1,1,1,0,,,
187,顔面騎乗アナル,,,,1,1,1,0,0,0,,,
188,アナルの皺数え,"nsfw,Posture of girl on all fours with buttocks protruding,from behind,((ass focus)),botomless,(penis:-1)",,,1,1,1,1,1,0,,,
;--------------------------------------------------,,,,,1,1,1,0,0,0,,,
;Ｂ系拡張コマンド(190～219),,,,,1,1,1,0,0,0,,,
190,乳首ローター,__ERAI/nipple rotor__,,,1,1,1,0,0,0,,,
191,搾乳機,__ERAI/milking machine__,,,1,1,1,0,0,0,,,
192,乳腺開発,,,,1,1,1,0,0,0,,,
193,乳房電極,,,,1,1,1,0,0,0,,,
194,サラシ,,,,1,1,1,0,0,0,,,
195,乳首クリップ,,,,1,1,1,0,0,0,,,
200,胸揉み,__ERAI/breast grabEX/deep skin__,,,1,1,1,0,0,0,,,
201,乳首責め,__ERAI/nipple tweak__,,,1,1,1,0,0,0,,,
202,乳首舐め,licking nipple,,,1,1,1,0,0,0,,,
203,乳首吸い,__ERAI/nipple sucking__,,,1,1,1,0,0,0,,,
204,母乳飲み,,,,1,1,1,0,0,0,,,
205,胸自慰,"1girl,female masturbation,grabbing own breasts,nipple tweak",,,1,1,1,0,0,0,,,
206,乳スパンキング,__ERAI/breast spanking__,,,1,1,1,0,0,0,,,
207,乳ファック,__ERAI/paizuriEX/straddling__,,,1,1,1,0,0,0,,,
208,縦パイズリ,__ERAI/paizuriEX/perpendicular__,,%正方形%,1,1,1,0,0,1,%汎用拒否%,%汎用拒否ネガ%,
209,パイズリフェラ,"nsfw,1girl, 1boy,titsjob,(paizuri),penis on breasts,nipples,pov,pov crotch ,titfuck,fellatio,licking",,%正方形%,1,1,1,0,0,1,%汎用拒否%,%汎用拒否ネガ%,
210,乳合わせ,,,,1,1,1,0,0,0,,,
211,乳合わせ見せつけ,,,,1,1,1,0,0,0,,,
;--------------------------------------------------,,,,,1,1,1,0,0,0,,,
;ＳＭ系、ハードな調教コマンド(220～239),,,,,1,1,1,0,0,0,,,
220,スパンキング,__ERAI/spanking__,,,1,1,1,1,1,0,,,
221,鞭,__ERAI/whip__,,,1,1,1,0,0,0,,,
222,針,__ERAI/needle__,,,1,1,1,0,0,0,,,
223,蝋燭,__ERAI/wax__,,,1,1,1,0,0,0,,,
224,縄,"1girl, bust shot,arms behind back,(collarbone,breasts,nipples)",,,1,1,1,0,0,0,,,
225,アイマスク,__ERAI/blindfold__,,,1,1,1,0,0,0,,,
226,ボールギャグ,__ERAI/ball gag__,,,1,1,1,0,0,0,,,
227,罵倒,"1girl,(gesturing no),(~:-\(:1.2),frown,(bust shot:1.1),(slit almond eyes:1.2)","fellatio,hand job",,1,1,1,0,0,0,,,
228,鼻フック,,,,1,1,1,0,0,0,,,
229,強制開口器,,,,1,1,1,0,0,0,,,
230,イラマチオ,__ERAI/fellatioEX/irrumatio__,"multiple penis,(tongue:1.4),chin","%正方形%,%横長%",1,1,0,0,0,1,%汎用拒否%,%汎用拒否ネガ%,
231,フィストファック,__ERAI/fist fuck__,,,1,1,1,0,0,0,,,
232,アナルフィスト,__ERAI/anal fist__,,,1,1,1,0,0,0,,,
233,両穴フィスト,__ERAI/double fist__,,,1,1,1,0,0,0,,,
234,ヴァギナダイビング,,,,1,1,1,0,0,0,,,
235,アナルダイビング,,,,1,1,1,0,0,0,,,
236,ツボを突く,"solo focus,(Fist of the North Star:1.8),(kenshiro:1.5),(deadly martial art known as Hokuto Shinken, which gives him the ability to kill his opponents by striking their secret vital points, which often results in an exceptionally violent and gory death.:1.5),(striking with his raising finger:1.5),(motion lines)",,,0,0,0,0,0,0,,,
237,鼻クリップ,,,,1,1,1,0,0,0,,,
238,スタンガン,,,,1,1,1,0,0,0,,,
;--------------------------------------------------,,,,,1,1,1,0,0,0,,,
;拷問系、精神操作系コマンド(240～269),,,,,1,1,1,0,0,0,,,
240,足で踏む,,,,1,1,1,0,0,0,,,
241,腹パン,stomach punch ,,,1,1,1,0,0,0,,,
242,三角木馬,,,,1,1,1,0,0,0,,,
243,杭,,,,1,1,1,0,0,0,,,
244,ナイフ,,,,1,1,1,0,0,0,,,
245,鉈,,,,1,1,1,0,0,0,,,
251,ビンタを張る,"(Girl gets slapped),upper body",,,1,1,1,0,0,0,,,
252,アイアンメイデン,,,,1,1,1,0,0,0,,,
253,水を飲ませる,,,,1,1,1,0,0,0,,,
;--------------------------------------------------,,,,,1,1,1,0,0,0,,,
;マゾ系調教コマンド(270～289),,,,,1,1,1,0,0,0,,,
270,罵ってもらう,"1girl,upper body,open mouth,((argued with viewer,heap abuse upon viewer))",,,1,1,1,0,0,0,,,
271,足を舐める,"from below,1girl,crossed legs,The girl is sticking her foot to viewer,((foot focus))",,,1,1,1,0,0,0,,,
272,叩いてもらう,"((attacking,girl is throwing a punch at me)),((clenched fist)),pov,upper body",,,1,1,1,0,0,0,,,
273,鞭で打ってもらう,,,,1,1,1,0,0,0,,,
274,血を吸われる,,,,1,1,1,0,0,0,,,
;--------------------------------------------------,,,,,1,1,1,0,0,0,,,
;妊娠パッチのコマンド(290～299),,,,,1,1,1,0,0,0,,,
290,コンドーム,,,,1,1,1,0,0,0,,,
291,コンドーム精飲(奴),,,,1,1,1,0,0,0,,,
292,コンドーム精飲(助),,,,1,1,1,0,0,0,,,
293,ザーメンキス,,,,1,1,1,0,0,0,,,
;--------------------------------------------------,,,,,1,1,1,0,0,0,,,
;助手によるコマンド、及びレズ(ＢＬ)プレイ(300～319),,,,,1,1,1,0,0,0,,,
300,クンニ強制,,,,1,1,1,0,0,0,,,
301,貝あわせ,,,,1,1,1,0,0,0,,,
302,足コキする,,,,1,1,1,0,0,0,,,
303,二人フェラチオ,,,,1,1,1,0,0,0,,,
304,二本フェラチオ,,,,1,1,1,0,0,0,,,
305,二人でパイズリ,,,,1,1,1,0,0,0,,,
306,二人で素股,,,,1,1,1,0,0,0,,,
307,助手を犯させる,,,,1,1,1,0,0,0,,,
308,助手のＡを犯させる,,,,1,1,1,0,0,0,,,
309,助手とキスする,,,,1,1,1,0,0,0,,,
310,二人の尻を叩く,,,,1,1,1,0,0,0,,,
311,尻を二人で叩く,,,,1,1,1,0,0,0,,,
312,二人のＶをフィスト,,,,1,1,1,0,0,0,,,
313,二人のＡをフィスト,,,,1,1,1,0,0,0,,,
;--------------------------------------------------,,,,,1,1,1,0,0,0,,,
;逆奉仕、ウフフ系コマンド(320～349),,,,,1,1,1,0,0,0,,,
320,優しくする,__ERAI/headpat__,,,1,1,1,0,0,0,,,
321,手淫する,,,,1,1,1,0,0,0,,,
322,パイズリする,,,,1,1,1,0,0,0,,,
323,正常位させる,,,,1,1,1,0,0,0,,,
324,後背位させる,,,,1,1,1,0,0,0,,,
325,騎乗位する,,,,1,1,1,0,0,0,,,
326,ペニバン挿入,,,,1,1,1,0,0,0,,,
327,指チュパ,"pov,from above,upperbody,finger in another's mouth,(finger sucking),:o,(pov hand),(pov crotch,pov legs,penis:-1)",,,1,1,1,0,0,1,%汎用拒否%,%汎用拒否ネガ%,
328,首筋耳裏責め,"pov,from behind,1girl,(looking back),face focus,(bust shot),(nape:1.4),(close up:1.2),shoulder",,,1,1,1,0,0,0,,,
329,玉愛撫,,,,1,1,1,0,0,0,,,
330,玉を舐める,,,,1,1,1,0,0,0,,,
331,二人でフェラする,,,,1,1,1,0,0,0,,,
332,Ａ正常位させる,,,,1,1,1,0,0,0,,,
333,Ａ後背位させる,,,,1,1,1,0,0,0,,,
334,Ａ騎乗位する,,,,1,1,1,0,0,0,,,
335,パイズリフェラする,,,,1,1,1,0,0,0,,,
336,ヴァギナを拭く,,,,1,1,1,0,0,0,,,
337,二人で首筋耳裏責め,,,,1,1,1,0,0,0,,,
338,二人に犯させる,,,,1,1,1,0,0,0,,,
339,膣内洗浄,,,,1,1,1,0,0,0,,,
340,ぱふぱふ,"pov,from below,nsfw,(close up chest:1.2),(chest focus:1.2),bared breasts,nipples,stomach,(upper body),1girl looking down",,,1,1,1,0,0,0,,,
341,胸枕,,,,1,1,1,0,0,0,,,
342,乳繰り合う,,,,1,1,1,0,0,0,,,
343,乳ビンタ,,,,1,1,1,0,0,0,,,
344,乳の揉み合い,,,,1,1,1,0,0,0,,,
345,お風呂を楽しむ,"in bathtub,sitting,relax,pov,(bathig together,face focus,close up:1.2)",,,1,1,1,0,0,0,,,
346,お外を楽しむ,,,,1,1,1,0,0,0,,,
347,お嫁さんで楽しむ,,,,1,1,1,0,0,0,,,
348,お酒を飲ませる,1girl drinking alcohol,,,1,1,1,0,0,0,,,
349,ふぉーゆーっ！,"pov,1girl,upper body,(confusion:1.3)",,,1,1,1,0,0,0,,,
;--------------------------------------------------,,,,,1,1,1,0,0,0,,,
;風呂系コマンド(350～379),,,,,1,1,1,0,0,0,,,
350,お風呂場プレイ,Girl with bath towel wrapped around her body is standing,,,1,1,1,0,0,0,,,
351,シャワー,"A girl is taking a shower,(water pouring from a shower head:1.4),standing,in shower room",,,1,1,1,0,0,0,,,
352,泡踊り,__ERAI/awaodori__,,,1,1,1,0,0,0,,,
353,泡踊りする,,,,1,1,1,0,0,0,,,
354,たわし洗い,"(1girl and 1boy),faceless male,1girl is straddling on naked man lying,(pov stomach),((full of bubbles,foamy)),(((soap,foamy))),(((soap,foamy)))",,,1,1,1,0,0,0,,,
360,蟲風呂,,,,1,1,1,0,0,0,,,
361,鰻風呂,,,,1,1,1,0,0,0,,,
362,ローション風呂,,,,1,1,1,0,0,0,,,
363,スライム風呂,,,,1,1,1,0,0,0,,,
364,媚薬風呂,,,,1,1,1,0,0,0,,,
365,水牢,,,,1,1,1,0,0,0,,,
366,精液風呂,,,,1,1,1,0,0,0,,,
367,酒風呂,,,,1,1,1,0,0,0,,,
368,トロロ風呂,,,,1,1,1,0,0,0,,,
369,毛玉風呂,,,,1,1,1,0,0,0,,,
370,蒸し風呂,,,,1,1,1,0,0,0,,,
371,国士無双の薬風呂,,,,1,1,1,0,0,0,,,
372,厄毒風呂,,,,1,1,1,0,0,0,,,
373,岩盤浴,,,,1,1,1,0,0,0,,,
374,札束風呂,,,,1,1,1,0,0,0,,,
;--------------------------------------------------,,,,,1,1,1,0,0,0,,,
;獣姦系コマンド(380～394),,,,,1,1,1,0,0,0,,,
380,バター犬プレイ,,,,1,1,1,0,0,0,,,
381,犬に犯させる,,,,1,1,1,0,0,0,,,
382,犬を犯させる,,,,1,1,1,0,0,0,,,
383,豚に犯させる,,,,1,1,1,0,0,0,,,
384,豚を犯させる,,,,1,1,1,0,0,0,,,
385,馬のをフェラさせる,,,,1,1,1,0,0,0,,,
386,馬に犯させる,,,,1,1,1,0,0,0,,,
387,犬とキスさせる,,,,1,1,1,0,0,0,,,
388,豚とキスさせる,,,,1,1,1,0,0,0,,,
389,犬にＡ犯させる,,,,1,1,1,0,0,0,,,
390,豚にＡ犯させる,,,,1,1,1,0,0,0,,,
391,馬にＡ犯させる,,,,1,1,1,0,0,0,,,
;--------------------------------------------------,,,,,1,1,1,0,0,0,,,
;髮型系コマンド(395～399),,,,,1,1,1,0,0,0,,,
395,髪を染める,,,,1,1,1,0,0,0,,,
396,髪型を弄る,"1girl,(hairdresser's),(arranging her hair from behind,close up:1.4)",(wide shot),,1,1,0,0,0,0,,,
;--------------------------------------------------,,,,,1,1,1,0,0,0,,,
;固有コマンド(400～499),,,,,1,1,1,0,0,0,,,
400,吸血,,,,1,1,1,0,0,0,,,
401,暗闇,,,,1,1,1,0,0,0,,,
402,尻子玉抜き,,,,1,1,1,0,0,0,,,
403,焼芋責め,,,,1,1,1,0,0,0,,,
404,巨峰責め,,,,1,1,1,0,0,0,,,
405,石勺柏責め,,,,1,1,1,0,0,0,,,
406,荊で緊縛,,,,1,1,1,0,0,0,,,
407,荊の鞭,,,,1,1,1,0,0,0,,,
408,蜘蛛の糸,,,,1,1,1,0,0,0,,,
409,独楽回し,,,,1,1,1,0,0,0,,,
410,蜘蛛脚愛撫,,,,1,1,1,0,0,0,,,
411,人形愛撫,,,,1,1,1,0,0,0,,,
412,操りの糸,,,,1,1,1,0,0,0,,,
413,豆炙り,,,,1,1,1,0,0,0,,,
414,乳豆炙り,,,,1,1,1,0,0,0,,,
415,読心,,,,1,1,1,0,0,0,,,
416,思姦,,,,1,1,1,0,0,0,,,
417,筆責め,,,,1,1,1,0,0,0,,,
418,時間停止,,,,1,1,1,0,0,0,,,
419,狂気の目,,,,1,1,1,0,0,0,,,
420,鈴蘭の毒,,,,1,1,1,0,0,0,,,
421,昆虫採集セットの薬,,,,1,1,1,0,0,0,,,
422,媚薬漬け,,,,1,1,1,0,0,0,,,
423,酒漬け,,,,1,1,1,0,0,0,,,
424,わかめ酒,,,,1,1,1,0,0,0,,,
425,かりちゅまがーど,,,,1,1,1,0,0,0,,,
427,陰毛炙り,,,,1,1,1,0,0,0,,,
430,御所車,,,,1,1,1,0,0,0,,,
431,フォーオブアカインド,,,,1,1,1,0,0,0,,,
432,氷柱責め,,,,1,1,1,0,0,0,,,
433,アナル卒塔婆,,,,1,1,1,0,0,0,,,
434,角愛撫,,,,1,1,1,0,0,0,,,
435,角挿入,,,,1,1,1,0,0,0,,,
436,角アナル挿入,,,,1,1,1,0,0,0,,,
437,ヴァギナ要石,,,,1,1,1,0,0,0,,,
438,アナル要石,,,,1,1,1,0,0,0,,,
439,両穴要石,,,,1,1,1,0,0,0,,,
440,半霊を犯す,,,,1,1,1,0,0,0,,,
441,半霊を挿入(前),,,,1,1,1,0,0,0,,,
442,半霊を挿入(後),,,,1,1,1,0,0,0,,,
443,幽明の苦輪,,,,1,1,1,0,0,0,,,
444,半霊再構成,,,,1,1,1,0,0,0,,,
445,薀蓄語り,,,,1,1,1,0,0,0,,,
446,説教を受ける,,,,1,1,1,0,0,0,,,
447,傘を愛撫する,,,,1,1,1,0,0,0,,,
448,房中術,,,,1,1,1,0,0,0,,,
449,フィーバー！,,,,1,1,1,0,0,0,,,
450,ピッチャー二つ,,,,1,1,1,0,0,0,,,;儀式「とりあえずピッチャー二つで」
451,酔生夢死,,,,1,1,1,0,0,0,,,;酔生夢死「空飛ぶ呑んべぇのレムリア」
452,超凝視,,,,1,1,1,0,0,0,,,
453,傘に舐めさせる,,,,1,1,1,0,0,0,,,
490,ローション練成,,,,1,1,1,0,0,0,,,
491,野菜式体液媚薬変換,,,,1,1,1,0,0,0,,,
;--------------------------------------------------,,,,,1,1,1,0,0,0,,,
;触手系コマンド(500～509),,,,,1,1,1,0,0,0,,,
500,触手召喚,,,,1,1,1,0,0,0,,,
501,触手挿入,,,,1,1,1,0,0,0,,,
502,触手アナル挿入,,,,1,1,1,0,0,0,,,
503,触手クリ責め,,,,1,1,1,0,0,0,,,
504,触手乳首責め,,,,1,1,1,0,0,0,,,
505,触手ペニス責め,,,,1,1,1,0,0,0,,,
506,触手口辱,,,,1,1,1,0,0,0,,,
507,触手緊縛,,,,1,1,1,0,0,0,,,
508,触手鼻穴挿入,,,,1,1,1,0,0,0,,,
509,触手メイデン,,,,1,1,1,0,0,0,,,
;--------------------------------------------------,,,,,1,1,1,0,0,0,,,
;紳士的な触手系コマンド(510～599),,,,,1,1,1,0,0,0,,,
510,触手寄生,,,,1,1,1,0,0,0,,,
511,触手くすぐり,,,,1,1,1,0,0,0,,,
512,触手秘貝開き,,,,1,1,1,0,0,0,,,
513,触手パイズリ,,,,1,1,1,0,0,0,,,
514,触手素股,,,,1,1,1,0,0,0,,,
515,触手放電ペニス責め,,,,1,1,1,0,0,0,,,
520,触手Ｇスポ責め,,,,1,1,1,0,0,0,,,
521,触手子宮責め,,,,1,1,1,0,0,0,,,
522,触手浣腸,,,,1,1,1,0,0,0,,,
523,触手小腸責め,,,,1,1,1,0,0,0,,,
524,触手貫通,,,,1,1,1,0,0,0,,,
525,触手搾乳,,,,1,1,1,0,0,0,,,
526,触手乳腺挿入,,,,1,1,1,0,0,0,,,
527,触手カテーテル,,,,1,1,1,0,0,0,,,
528,触手採尿,,,,1,1,1,0,0,0,,,
529,触手耳穴挿入,,,,1,1,1,0,0,0,,,
530,触手ヴァギナ拡張,,,,1,1,1,0,0,0,,,
531,触手アナル拡張,,,,1,1,1,0,0,0,,,
532,触手両穴拡張,,,,1,1,1,0,0,0,,,
533,触手産卵,,,,1,1,1,0,0,0,,,
534,触手アナル産卵,,,,1,1,1,0,0,0,,,
535,触手愛液採集,,,,1,1,1,0,0,0,,,
540,触手口内洗浄,,,,1,1,1,0,0,0,,,
541,触手膣内洗浄,,,,1,1,1,0,0,0,,,
542,触手腸内洗浄,,,,1,1,1,0,0,0,,,
543,触手膀胱洗浄,,,,1,1,1,0,0,0,,,
544,触手鼻腔洗浄,,,,1,1,1,0,0,0,,,
545,触手耳穴洗浄,,,,1,1,1,0,0,0,,,
546,触手全穴洗浄,,,,1,1,1,0,0,0,,,
550,触手催眠,,,,1,1,1,0,0,0,,,
551,触手鞭打ち,,,,1,1,1,0,0,0,,,
552,触手針責め,,,,1,1,1,0,0,0,,,
553,触手放電,,,,1,1,1,0,0,0,,,
554,触手吸血,,,,1,1,1,0,0,0,,,
;555,触手丸呑み,,,,1,1,1,0,0,0,,,(構想中)
556,触手チキチキ,,,,1,1,1,0,0,0,,,
;55X,触手服,,,,1,1,1,0,0,0,,,(構想中/触手エプロンって名前もあり？)
560,触手強制回復,,,,1,1,1,0,0,0,,,
561,触手排卵誘発,,,,1,1,1,0,0,0,,,
562,触手避妊膜塗布,,,,1,1,1,0,0,0,,,
563,触手発毛剤,,,,1,1,1,0,0,0,,,
564,触手脱毛剤,,,,1,1,1,0,0,0,,,
580,触手読心責め,,,,1,1,1,0,0,0,,,
581,触手潮干狩り,,,,1,1,1,0,0,0,,,
582,触手幽霊膣鏡,,,,1,1,1,0,0,0,,,
583,触手強制飲酒,,,,1,1,1,0,0,0,,,
584,触手精神制御,,,,1,1,1,0,0,0,,,
585,触手厄落とし,,,,1,1,1,0,0,0,,,
586,触手腸内撮影,,,,1,1,1,0,0,0,,,
587,触手言葉責め,,,,1,1,1,0,0,0,,,
588,触手鈴蘭媚薬,,,,1,1,1,0,0,0,,,
589,触手官能図書,,,,1,1,1,0,0,0,,,
590,触手妖精按摩,,,,1,1,1,0,0,0,,,
591,触手氷精手淫,,,,1,1,1,0,0,0,,,
592,触手淫脈探査,,,,1,1,1,0,0,0,,,
593,触手最終審判,,,,1,1,1,0,0,0,,,
594,触手百裂紅葉,,,,1,1,1,0,0,0,,,
595,触手豊穣淫香,,,,1,1,1,0,0,0,,,
;--------------------------------------------------,,,,,1,1,1,0,0,0,,,
;派生コマンド(600～699),,,,,1,1,1,0,0,0,,,
600,Ｇスポット刺激,,,,1,1,1,0,0,0,,,
601,潜望鏡,"bathtub,{pov blowjob|pov deepthroat,deepthroat},{front|above},wet penis,nsfw",multiple penis,,1,1,0,0,0,1,%汎用拒否%,%汎用拒否ネガ%,
602,シックスナイン,"nsfw,(fellatio,penis) ,pov crotch ,blow job,{|face focus|wide shot},{|side view},{|all fours},{|looking up}",multiple penis,"%縦長%,%正方形%,%横長%",1,1,0,0,0,0,,,
603,６９パイズリ,,,,1,1,1,0,0,0,,,
604,雁が首,"nsfw,(fellatio,penis) ,pov crotch ,blow job,{|face focus|wide shot},{|side view},{|all fours},{|looking up}",multiple penis,"%縦長%,%正方形%,%横長%",1,1,0,0,0,1,%汎用拒否%,%汎用拒否ネガ%,
605,指でＶを撫でる,,,,1,1,1,0,0,0,,,
606,ペッティング,,,,1,1,1,0,0,0,,,
610,二人で犯す,,,,1,1,1,0,0,0,,,
611,岩清水,,,,1,1,1,0,0,0,,,
612,乱れ牡丹,,,,1,1,1,0,0,0,,,
613,騎乗乳房自慰,,,,1,1,1,0,0,0,,,
614,挿入Ｇスポ責め,__ERAI/missionary__,,%縦長%,1,1,1,0,0,0,,,対面からの派生で呼ばれる
615,挿入子宮口責め,__ERAI/doggystyle__,,%横長%,1,1,1,0,0,0,,,背面からの派生で呼ばれる
616,後背位愛撫,__ERAI/doggystyleEX/breast grab__,,,1,1,1,0,0,0,,,表示されるテキストは「後背位胸愛撫」である
617,対面愛撫,,,,1,1,1,0,0,0,,,
618,後背位アナル胸愛撫,,,,1,1,1,0,0,0,,,
619,対面アナル胸愛撫,,,,1,1,1,0,0,0,,,
620,強制放尿,,,,1,1,1,0,0,0,,,
621,口移し,,,,1,1,1,0,0,0,,,
622,四肢緊縛,,,,1,1,1,0,0,0,,,
623,亀甲縛り,,,,1,1,1,0,0,0,,,
624,吊り下げ,,,,1,1,1,0,0,0,,,
625,ローションプレイ,,,,1,1,1,0,0,0,,,
626,搾乳,,,,1,1,1,0,0,0,,,
627,乳首甘噛み,,,,1,1,1,0,0,0,,,
628,相互自慰,,,,1,1,1,0,0,0,,,
629,サンドイッチ,,,,1,1,1,0,0,0,,,
630,後背位手淫,,,,1,1,1,0,0,0,,,
631,相互秘貝開帳,,,,1,1,1,0,0,0,,,
632,背面座位胸愛撫,,,,1,1,1,0,0,0,,,
633,背面座位アナル胸愛撫,,,,1,1,1,0,0,0,,,
649,イきつけ三杯,,,,1,1,1,0,0,0,,,
650,浄玻璃の鏡,,,,1,1,1,0,0,0,,,
651,御所車ＴＹＰＥ－Ｒ,,,,1,1,1,0,0,0,,,
652,フォーオブアカインド(ふたなり),,,,1,1,1,0,0,0,,,
653,蜘蛛の巣,,,,1,1,1,0,0,0,,,
654,蜘蛛脚六点責め,,,,1,1,1,0,0,0,,,
655,蜘蛛の巣姦,,,,1,1,1,0,0,0,,,
656,蜘蛛の巣肛門姦,,,,1,1,1,0,0,0,,,
657,蓑虫プレイ,,,,1,1,1,0,0,0,,,
658,拘束∇,,,,1,1,1,0,0,0,,,
;659,暗黒潮干狩り,,,,1,1,1,0,0,0,,,(未実装)
660,性感槍ぐんぐにる,,,,1,1,1,0,0,0,,,
680,触手撫で回し,,,,1,1,1,0,0,0,,,
682,触手アナル愛撫,,,,1,1,1,0,0,0,,,
683,触手胸愛撫,,,,1,1,1,0,0,0,,,
;699,頼む,,,,1,1,1,0,0,0,,,
;--------------------------------------------------,,,,,,,,,,,,,
;戦闘コマンド(700～799),,,,,,,,,,,,,
700,*近寄る,,,,,,,,,,,,
701,*距離をとる,,,,,,,,,,,,
702,*背後に回る,,,,,,,,,,,,
703,*見切り,,,,,,,,,,,,
704,*防御,,,,,,,,,,,,
730,●脱衣,,,,,,,,,,,,
760,★拘束,,,,,,,,,,,,
;奴隷用,,,,,,,,,,,,,
;710,近寄る,,,,,,,,,,,,
;711,距離をとる,,,,,,,,,,,,
;712,背後に回る,,,,,,,,,,,,
;713,見切り,,,,,,,,,,,,
;714,防御,,,,,,,,,,,,
;715,何もしない,,,,,,,,,,,,
;720,近距離攻撃,,,,,,,,,,,,
;721,中距離攻撃,,,,,,,,,,,,
;722,遠距離攻撃,,,,,,,,,,,,
;723,チャージ,,,,,,,,,,,,
;740,振り解く,,,,,,,,,,,,
;741,暴れる,,,,,,,,,,,,
;742,耐える,,,,,,,,,,,,
;743,なすがまま,,,,,,,,,,,,
;744,受け入れる,,,,,,,,,,,,
;745,奉仕する,,,,,,,,,,,,
;746,Ｖ挿入防御,,,,,,,,,,,,
;750,睨みつける,,,,,,,,,,,,
;751,罵倒する,,,,,,,,,,,,
;752,反抗する,,,,,,,,,,,,
;753,説得する,,,,,,,,,,,,
;770,手淫攻撃,,,,,,,,,,,,
;771,フェラ攻撃,,,,,,,,,,,,
;772,足コキ攻撃,,,,,,,,,,,,
;773,素股焦らし,,,,,,,,,,,,
;774,搾り取る,,,,,,,,,,,,
