org,コマンド番号,分類,シーン名,プロンプト,備考
,,,※この列で検索する。重複は上にあるものを採用,,
,,システム,汎用シーン,"1girl,(((chibi))),jumping,(sound effects:1.8),motion lines,simple background,in tentacle pit",
0:何もしない,0,敵攻撃,敵攻撃_0,,
1:拘束キャラを解放,1,敵攻撃,敵攻撃_1,,
2:アイテムを使用,2,敵攻撃,敵攻撃_2,,
4:拘束キャラ射出＋解放(現状ヴォッキ・フルヴォッキ用),4,敵攻撃,敵攻撃_4,,
,,敵攻撃,敵攻撃_,,
10:砂煙（サンドワーム用）,10,敵攻撃,敵攻撃_10,,
11:煙幕（オクトパス・クラーケン用）,11,敵攻撃,敵攻撃_11,,
12:睡眠花粉・単体（アルラウネ用）:現在は昏睡,12,敵攻撃,敵攻撃_12,,
13:発情花粉・単体（アルラウネ用）,13,敵攻撃,敵攻撃_13,,
14:睡眠花粉・全体（ドリアード用）,14,敵攻撃,敵攻撃_14,,
15:発情花粉・全体（ドリアード用）,15,敵攻撃,敵攻撃_15,,
16:凝視（ガーディアン用）発情＋強制自慰,16,敵攻撃,敵攻撃_16,,
17:凝視（ガーディアン用）強制気絶,17,敵攻撃,敵攻撃_17,,
18:吸収効果:命中時HPが1割回復,18,敵攻撃,敵攻撃_18,,
19:絶頂吸収:命中時HPが1割回復:相手が絶頂時は2割回復,19,敵攻撃,敵攻撃_19,,
20:自慰誘発:相手の行動を自慰に書き換える,20,敵攻撃,敵攻撃_20,,
21:フラート:次ターン性攻撃威力３倍,21,敵攻撃,敵攻撃_21,,
22:全体催眠（ヒュプノ用）:全員を戦闘終了まで行動不能に,22,敵攻撃,敵攻撃_22,,
23:回復の光:処女膜とHP回復:浄化力とユニコーンのHP減少,23,敵攻撃,敵攻撃_23,,
24:強制戦闘終了,24,敵攻撃,敵攻撃_24,,
25:単体催眠（レッサーヒュプノ用）:誰か一人を数ターン行動不能に,25,敵攻撃,敵攻撃_25,,
26:自慰見せつけ・全体（ナインテイルズ用）発情,26,敵攻撃,敵攻撃_26,,
27:卵幕（ドリフター用）,27,敵攻撃,敵攻撃_27,,
28:睡眠攻撃・単体（ドリフター用）:現在は昏睡,28,敵攻撃,敵攻撃_28,,
29:ひなたぼっこ:自分のHPを最大HPの30%回復,29,敵攻撃,敵攻撃_29,,
30:強制戦闘終了（ドリフター用）,30,敵攻撃,敵攻撃_30,,
31:包囲（逃走不能）,31,敵攻撃,敵攻撃_31,,
32:乗っ取り:襲うの強制,32,敵攻撃,敵攻撃_32,,
33:乗っ取り:おねだり強制,33,敵攻撃,敵攻撃_33,,
34:自己増殖,34,敵攻撃,敵攻撃_34,,
35:自己回復,35,敵攻撃,敵攻撃_35,,
"36:悪臭の息:特殊効果:36（独自、ダメージ低下),20,1300~1306の中からランダムで効果の発動する通常攻撃",36,敵攻撃,敵攻撃_36,,
37:YMあなた:自慰見せつけ,37,敵攻撃,敵攻撃_37,,
38:YMあなた:料理（回復）,38,敵攻撃,敵攻撃_38,,
39:マミー:触手包帯,39,敵攻撃,敵攻撃_39,,
40:幻惑の光:20、21、965、1302、1304、1305、1306のどれかの効果が発動,40,敵攻撃,敵攻撃_40,,
41:浄化の光:23か41（独自効果。敵のHPとPTの浄化力を用いHP、MP、EP、汚れ回復）,41,敵攻撃,敵攻撃_41,,
42:肉盾化　:肉盾付与　被ダメージ時、確率で拘束中のキャラにダメージを肩代わりさせる(霊撃は除外),42,敵攻撃,敵攻撃_42,,
43:自己回復(人型用),43,敵攻撃,敵攻撃_43,,
44:回復のボコォ:処女膜と喪失とHP回復後V性攻撃:ユニコーン,44,敵攻撃,敵攻撃_44,,
45:何もしない,45,敵攻撃,敵攻撃_45,,
46:催眠胞子,46,敵攻撃,敵攻撃_46,,
47:発情胞子,47,敵攻撃,敵攻撃_47,,
,,敵攻撃,敵攻撃_,,
以下、主に味方用,以下、主に味方用,敵攻撃,敵攻撃_以下、主に味方用,,
50:強制自慰,50,敵攻撃,敵攻撃_50,,
51:諦める,51,敵攻撃,敵攻撃_51,,
52:力溜め(拘束時),52,敵攻撃,敵攻撃_52,,
53:拘束から離脱,53,敵攻撃,敵攻撃_53,,
54:防御,54,敵攻撃,敵攻撃_54,,
55:前進,55,敵攻撃,敵攻撃_55,,
56:後退,56,敵攻撃,敵攻撃_56,,
57:溜め撃ち(1ターン目),57,敵攻撃,敵攻撃_57,,
58:溜め撃ち(2ターン目),58,敵攻撃,敵攻撃_58,,
59:ばら撒き弾,59,敵攻撃,敵攻撃_59,,
60:下段狙い,60,敵攻撃,敵攻撃_60,,
61:急所狙い,61,敵攻撃,敵攻撃_61,,
62:カウンター（使用時は身構えるだけだし、多分使わない）,62,敵攻撃,敵攻撃_62,,
63:弾数消費チェック,63,敵攻撃,敵攻撃_63,,
,,敵攻撃,敵攻撃_,,
,,敵攻撃,敵攻撃_,,
,,敵攻撃,敵攻撃_,,
●100～:通常攻撃,●100～,敵攻撃,敵攻撃_●100～,,
,,敵攻撃,敵攻撃_,,
100:テスト敵用,100,敵攻撃,敵攻撃_100,__ERAIshkQ/enemy attack/general__,
101:クイーン本体:通常,101,敵攻撃,敵攻撃_101,__ERAIshkQ/enemy attack/general__,
102:クイーン本体:大振り,102,敵攻撃,敵攻撃_102,__ERAIshkQ/enemy attack/general__,
103:クイーン本体:全体,103,敵攻撃,敵攻撃_103,__ERAIshkQ/enemy attack/general__,
104:クイーンお供:通常,104,敵攻撃,敵攻撃_104,__ERAIshkQ/enemy attack/general__,
105:クイーンお供:大振り,105,敵攻撃,敵攻撃_105,__ERAIshkQ/enemy attack/general__,
106:ガーディアン:通常,106,敵攻撃,敵攻撃_106,__ERAIshkQ/enemy attack/general__,
107:ガーディアン:二段攻撃,107,敵攻撃,敵攻撃_107,__ERAIshkQ/enemy attack/general__,
108:ガーディアン:全体,108,敵攻撃,敵攻撃_108,__ERAIshkQ/enemy attack/general__,
109:バイオプラント:通常,109,敵攻撃,敵攻撃_109,__ERAIshkQ/enemy attack/general__,
110:バイオプラント:大振り,110,敵攻撃,敵攻撃_110,__ERAIshkQ/enemy attack/general__,
111:リビングバイン:通常,111,敵攻撃,敵攻撃_111,__ERAIshkQ/enemy attack/general__,
112:リビングバイン:Reserved,112,敵攻撃,敵攻撃_112,__ERAIshkQ/enemy attack/general__,
113:スカーレットバイン:通常,113,敵攻撃,敵攻撃_113,__ERAIshkQ/enemy attack/general__,
114:スカーレットバイン:二段攻撃,114,敵攻撃,敵攻撃_114,__ERAIshkQ/enemy attack/general__,
115:ワーム:通常,115,敵攻撃,敵攻撃_115,__ERAIshkQ/enemy attack/general__,
116:ワーム:大振り,116,敵攻撃,敵攻撃_116,__ERAIshkQ/enemy attack/general__,
117:サンドワーム:通常,117,敵攻撃,敵攻撃_117,__ERAIshkQ/enemy attack/general__,
118:サンドワーム:大振り,118,敵攻撃,敵攻撃_118,__ERAIshkQ/enemy attack/general__,
119:オクトパス:通常,119,敵攻撃,敵攻撃_119,__ERAIshkQ/enemy attack/general__,
120:オクトパス:吸収,120,敵攻撃,敵攻撃_120,__ERAIshkQ/enemy attack/general__,
121:クラーケン:通常,121,敵攻撃,敵攻撃_121,__ERAIshkQ/enemy attack/general__,
122:クラーケン:吸収,122,敵攻撃,敵攻撃_122,__ERAIshkQ/enemy attack/general__,
123:イソツビ:通常,123,敵攻撃,敵攻撃_123,__ERAIshkQ/enemy attack/general__,
124:イソツビ:大振り,124,敵攻撃,敵攻撃_124,__ERAIshkQ/enemy attack/general__,
125:アクティニア:通常,125,敵攻撃,敵攻撃_125,__ERAIshkQ/enemy attack/general__,
126:アクティニア:吸収,126,敵攻撃,敵攻撃_126,__ERAIshkQ/enemy attack/general__,
127:スライム:通常,127,敵攻撃,敵攻撃_127,__ERAIshkQ/enemy attack/general__,
128:スライム:全体,128,敵攻撃,敵攻撃_128,__ERAIshkQ/enemy attack/general__,
129:ブロブ:通常,129,敵攻撃,敵攻撃_129,__ERAIshkQ/enemy attack/general__,
130:ブロブ、スライム化:全体,130,敵攻撃,敵攻撃_130,__ERAIshkQ/enemy attack/general__,
131:アルラウネ:通常,131,敵攻撃,敵攻撃_131,__ERAIshkQ/enemy attack/general__,
132:アルラウネ:二段攻撃,132,敵攻撃,敵攻撃_132,__ERAIshkQ/enemy attack/general__,
133:ドリアード:通常,133,敵攻撃,敵攻撃_133,__ERAIshkQ/enemy attack/general__,
134:ドリアード、アルラウネ化:二段攻撃,134,敵攻撃,敵攻撃_134,__ERAIshkQ/enemy attack/general__,
135:シェイプシフター:通常,135,敵攻撃,敵攻撃_135,__ERAIshkQ/enemy attack/general__,
136:シェイプシフター:二段攻撃,136,敵攻撃,敵攻撃_136,__ERAIshkQ/enemy attack/general__,
137:ドッペルゲンガー:通常,137,敵攻撃,敵攻撃_137,__ERAIshkQ/enemy attack/general__,
138:ドッペルゲンガー:二段攻撃,138,敵攻撃,敵攻撃_138,__ERAIshkQ/enemy attack/general__,
139:ドッペルゲンガー:全体,139,敵攻撃,敵攻撃_139,__ERAIshkQ/enemy attack/general__,
140:フェアリーイーター:吸収,140,敵攻撃,敵攻撃_140,__ERAIshkQ/enemy attack/general__,
141:コウノトリ:通常,141,敵攻撃,敵攻撃_141,__ERAIshkQ/enemy attack/general__,
142:フコウノトリ:通常,142,敵攻撃,敵攻撃_142,__ERAIshkQ/enemy attack/general__,
143:フコウノトリ:大振りオーバーキル,143,敵攻撃,敵攻撃_143,__ERAIshkQ/enemy attack/general__,
144:フコウノトリ:全体大振りオーバーキル,144,敵攻撃,敵攻撃_144,__ERAIshkQ/enemy attack/general__,
145:ユニコーン:拘束時通常攻撃:残虐表現でメッセージ変化,145,敵攻撃,敵攻撃_145,__ERAIshkQ/enemy attack/general__,
146:ユニコーン:通常攻撃,146,敵攻撃,敵攻撃_146,__ERAIshkQ/enemy attack/general__,
147:ラミア、ラミア化:通常,147,敵攻撃,敵攻撃_147,__ERAIshkQ/enemy attack/general__,
148:ミミック:通常,148,敵攻撃,敵攻撃_148,__ERAIshkQ/enemy attack/general__,
149:ヴォジャノーイ:大振り,149,敵攻撃,敵攻撃_149,__ERAIshkQ/enemy attack/general__,
150:ナインテイルズ:通常,150,敵攻撃,敵攻撃_150,__ERAIshkQ/enemy attack/general__,
151:ナインテイルズ:九段攻撃,151,敵攻撃,敵攻撃_151,__ERAIshkQ/enemy attack/general__,
152:ナインテイルズ:大振り,152,敵攻撃,敵攻撃_152,__ERAIshkQ/enemy attack/general__,
153:ナインテイルズ:全体,153,敵攻撃,敵攻撃_153,__ERAIshkQ/enemy attack/general__,
154:ドリフター:通常,154,敵攻撃,敵攻撃_154,__ERAIshkQ/enemy attack/general__,
155:ドリフター:通常,155,敵攻撃,敵攻撃_155,__ERAIshkQ/enemy attack/general__,
156:ハウンド:通常,156,敵攻撃,敵攻撃_156,__ERAIshkQ/enemy attack/general__,
157:ハウンド:全体,157,敵攻撃,敵攻撃_157,__ERAIshkQ/enemy attack/general__,
158:男傀儡:通常,158,敵攻撃,敵攻撃_158,__ERAIshkQ/enemy attack/general__,
159:男傀儡:大振り,159,敵攻撃,敵攻撃_159,__ERAIshkQ/enemy attack/general__,
160:ジェリーフィッシュ:吸収,160,敵攻撃,敵攻撃_160,__ERAIshkQ/enemy attack/general__,
161:フレッシュゴーレム:大振り,161,敵攻撃,敵攻撃_161,__ERAIshkQ/enemy attack/general__,
162:フレッシュゴーレム:大振り全体,162,敵攻撃,敵攻撃_162,__ERAIshkQ/enemy attack/general__,
163:Cワンプ、Cアナコンダ:全体通常攻撃:特殊効果163:拘束時、拘束対象にHP微ダメージ,163,敵攻撃,敵攻撃_163,__ERAIshkQ/enemy attack/general__,
164:YMあなた:全体攻撃,164,敵攻撃,敵攻撃_164,__ERAIshkQ/enemy attack/general__,
165:YMあなた:通常単体,165,敵攻撃,敵攻撃_165,__ERAIshkQ/enemy attack/general__,
,,敵攻撃,敵攻撃_,,
167:ゲルシューター:通常攻撃,167,敵攻撃,敵攻撃_167,__ERAIshkQ/enemy attack/general__,
168:根無し草:通常大振り,168,敵攻撃,敵攻撃_168,__ERAIshkQ/enemy attack/general__,
169:テンタクルウォール、タングルフット:通常攻撃,169,敵攻撃,敵攻撃_169,__ERAIshkQ/enemy attack/general__,
170:メカテンタクルス:アームでなぐる,170,敵攻撃,敵攻撃_170,__ERAIshkQ/enemy attack/general__,
171:メカテンタクルス:アームでたくさんなぐる,171,敵攻撃,敵攻撃_171,__ERAIshkQ/enemy attack/general__,
172:メカテンタクルス:アームでみんなをなぐる,172,敵攻撃,敵攻撃_172,__ERAIshkQ/enemy attack/general__,
173:悪堕ちキャラ、アルラウネ化、スライム化、ラミア化:通常攻撃（弾幕）,173,敵攻撃,敵攻撃_173,__ERAIshkQ/enemy attack/general__,
174:悪堕ちキャラ、触手姫:二段攻撃（弾幕）,174,敵攻撃,敵攻撃_174,__ERAIshkQ/enemy attack/general__,
175:悪堕ちキャラ、触手姫:全体攻撃（弾幕）,175,敵攻撃,敵攻撃_175,__ERAIshkQ/enemy attack/general__,
,,敵攻撃,敵攻撃_,,
,,敵攻撃,敵攻撃_,,
182:ファンガス:吸収,182,敵攻撃,敵攻撃_182,__ERAIshkQ/enemy attack/general__,
183:ヴォッキ、フルヴォッキ:BUCKAKE:肌＋精液性ダメージ,183,敵攻撃,敵攻撃_183,__ERAIshkQ/enemy attack/general__,
184:ネコマタ:通常,184,敵攻撃,敵攻撃_184,__ERAIshkQ/enemy attack/general__,
185:オーガ::通常,185,敵攻撃,敵攻撃_185,__ERAIshkQ/enemy attack/general__,
186:サッカー:通常,186,敵攻撃,敵攻撃_186,__ERAIshkQ/enemy attack/general__,
187:サッカー:吸収,187,敵攻撃,敵攻撃_187,__ERAIshkQ/enemy attack/general__,
188:汎用::腹穴効果,188,敵攻撃,敵攻撃_188,__ERAIshkQ/enemy attack/general__,
189:汎用::腹穴効果大,189,敵攻撃,敵攻撃_189,__ERAIshkQ/enemy attack/general__,
190:汎用::拘束時,190,敵攻撃,敵攻撃_190,__ERAIshkQ/enemy attack/general__,
191:汎用::拘束時腹穴をさらに追加,191,敵攻撃,敵攻撃_191,__ERAIshkQ/enemy attack/general__,
,,敵攻撃,敵攻撃_,,
●200～:衣服攻撃,●200～,敵攻撃,敵攻撃_●200～,,
,,敵攻撃,敵攻撃_,,
200:テスト敵用,200,敵攻撃,敵攻撃_200,,
201:クイーン本体:RAND,201,敵攻撃,敵攻撃_201,__ERAIshkQ/enemy attack/tearing cloth__,
202:クイーン本体:Reserved,202,敵攻撃,敵攻撃_202,__ERAIshkQ/enemy attack/tearing cloth__,
203:クイーン本体:Reserved,203,敵攻撃,敵攻撃_203,__ERAIshkQ/enemy attack/tearing cloth__,
204:クイーンお供:RAND,204,敵攻撃,敵攻撃_204,__ERAIshkQ/enemy attack/tearing cloth__,
205:クイーンお供:Reserved,205,敵攻撃,敵攻撃_205,__ERAIshkQ/enemy attack/tearing cloth__,
206:ガーディアン:RAND,206,敵攻撃,敵攻撃_206,__ERAIshkQ/enemy attack/tearing cloth__,
207:ガーディアン:全体RAND,207,敵攻撃,敵攻撃_207,__ERAIshkQ/enemy attack/tearing cloth__,
208:ガーディアン:Reserved,208,敵攻撃,敵攻撃_208,__ERAIshkQ/enemy attack/tearing cloth__,
209:バイオプラント:RAND,209,敵攻撃,敵攻撃_209,__ERAIshkQ/enemy attack/tearing cloth__,
210:バイオプラント:Reserved,210,敵攻撃,敵攻撃_210,__ERAIshkQ/enemy attack/tearing cloth__,
211:リビングバイン:BV,211,敵攻撃,敵攻撃_211,__ERAIshkQ/enemy attack/tearing cloth__,
212:リビングバイン:Reserved,212,敵攻撃,敵攻撃_212,__ERAIshkQ/enemy attack/tearing cloth__,
213:スカーレットバイン:BV,213,敵攻撃,敵攻撃_213,__ERAIshkQ/enemy attack/tearing cloth__,
214:スカーレットバイン:Reserved,214,敵攻撃,敵攻撃_214,__ERAIshkQ/enemy attack/tearing cloth__,
215:ワーム:AC,215,敵攻撃,敵攻撃_215,__ERAIshkQ/enemy attack/tearing cloth__,
216:ワーム:Reserved,216,敵攻撃,敵攻撃_216,__ERAIshkQ/enemy attack/tearing cloth__,
217:サンドワーム:AC,217,敵攻撃,敵攻撃_217,__ERAIshkQ/enemy attack/tearing cloth__,
218:サンドワーム:Reserved,218,敵攻撃,敵攻撃_218,__ERAIshkQ/enemy attack/tearing cloth__,
219:オクトパス:BC,219,敵攻撃,敵攻撃_219,__ERAIshkQ/enemy attack/tearing cloth__,
220:オクトパス:Reserved,220,敵攻撃,敵攻撃_220,__ERAIshkQ/enemy attack/tearing cloth__,
221:クラーケン:BC,221,敵攻撃,敵攻撃_221,__ERAIshkQ/enemy attack/tearing cloth__,
222:クラーケン:Reserved,222,敵攻撃,敵攻撃_222,__ERAIshkQ/enemy attack/tearing cloth__,
223:イソツビ:AV,223,敵攻撃,敵攻撃_223,__ERAIshkQ/enemy attack/tearing cloth__,
224:イソツビ:Reserved,224,敵攻撃,敵攻撃_224,__ERAIshkQ/enemy attack/tearing cloth__,
225:アクティニア:AV,225,敵攻撃,敵攻撃_225,__ERAIshkQ/enemy attack/tearing cloth__,
226:アクティニア:Reserved,226,敵攻撃,敵攻撃_226,__ERAIshkQ/enemy attack/tearing cloth__,
227:スライム:AB,227,敵攻撃,敵攻撃_227,__ERAIshkQ/enemy attack/tearing cloth__,
228:スライム:全体AB,228,敵攻撃,敵攻撃_228,__ERAIshkQ/enemy attack/tearing cloth__,
229:ブロブ、スライム化:二段AB,229,敵攻撃,敵攻撃_229,__ERAIshkQ/enemy attack/tearing cloth__,
230:ブロブ:全体AB,230,敵攻撃,敵攻撃_230,__ERAIshkQ/enemy attack/tearing cloth__,
231:アルラウネ:CV,231,敵攻撃,敵攻撃_231,__ERAIshkQ/enemy attack/tearing cloth__,
232:アルラウネ:Reserved,232,敵攻撃,敵攻撃_232,__ERAIshkQ/enemy attack/tearing cloth__,
233:ドリアード、アルラウネ化:CV,233,敵攻撃,敵攻撃_233,__ERAIshkQ/enemy attack/tearing cloth__,
234:ドリアード:Reserved,234,敵攻撃,敵攻撃_234,__ERAIshkQ/enemy attack/tearing cloth__,
235:シェイプシフター:RAND,235,敵攻撃,敵攻撃_235,__ERAIshkQ/enemy attack/tearing cloth__,
236:シェイプシフター:Reserved,236,敵攻撃,敵攻撃_236,__ERAIshkQ/enemy attack/tearing cloth__,
237:ドッペルゲンガー、ラミア:RAND,237,敵攻撃,敵攻撃_237,__ERAIshkQ/enemy attack/tearing cloth__,
238:ドッペルゲンガー:全体RAND,238,敵攻撃,敵攻撃_238,__ERAIshkQ/enemy attack/tearing cloth__,
239:ドッペルゲンガー:Reserved,239,敵攻撃,敵攻撃_239,__ERAIshkQ/enemy attack/tearing cloth__,
240:ユニコーン,240,敵攻撃,敵攻撃_240,__ERAIshkQ/enemy attack/tearing cloth__,
,,敵攻撃,敵攻撃_,,
242:ナインテイルズ:全体RAND,242,敵攻撃,敵攻撃_242,__ERAIshkQ/enemy attack/tearing cloth__,
244:ドリフター:BC,244,敵攻撃,敵攻撃_244,__ERAIshkQ/enemy attack/tearing cloth__,
245:男傀儡:RAND,245,敵攻撃,敵攻撃_245,__ERAIshkQ/enemy attack/tearing cloth__,
246:ジェリーフィッシュ:BC,246,敵攻撃,敵攻撃_246,__ERAIshkQ/enemy attack/tearing cloth__,
247:Cワンプ、Cアナコンダ:二段衣服攻撃:特殊効果163,247,敵攻撃,敵攻撃_247,__ERAIshkQ/enemy attack/tearing cloth__,
248:Cワンプ、Cアナコンダ:衣服攻撃:特殊効果248:下着を食い千切り、「はいてない」に,248,敵攻撃,敵攻撃_248,__ERAIshkQ/enemy attack/tearing cloth__,
249:Cワンプ、Cアナコンダ:全体衣服攻撃:特殊効果163,249,敵攻撃,敵攻撃_249,__ERAIshkQ/enemy attack/tearing cloth__,
250:ホフゴブリン:RAND衣服,250,敵攻撃,敵攻撃_250,__ERAIshkQ/enemy attack/tearing cloth__,
251:YMあなた:単体服攻撃,251,敵攻撃,敵攻撃_251,__ERAIshkQ/enemy attack/tearing cloth__,
,,敵攻撃,敵攻撃_,,
253:ゲルシューター:強単体,253,敵攻撃,敵攻撃_253,__ERAIshkQ/enemy attack/tearing cloth__,
254:ゲルシューター:弱単体,254,敵攻撃,敵攻撃_254,__ERAIshkQ/enemy attack/tearing cloth__,
255:衣服RAND,255,敵攻撃,敵攻撃_255,__ERAIshkQ/enemy attack/tearing cloth__,
256:テンタクルウォール、タングルフット:V,256,敵攻撃,敵攻撃_256,__ERAIshkQ/enemy attack/tearing cloth__,
257:メカテンタクルス:マジックハンドで引っ張る。服が無いときはB属性,257,敵攻撃,敵攻撃_257,__ERAIshkQ/enemy attack/tearing cloth__,
258:メカテンタクルス:ハサミで滅多切りにする。下着脱がし効果あり。服が無いときはC属性,258,敵攻撃,敵攻撃_258,__ERAIshkQ/enemy attack/tearing cloth__,
259:悪堕ちキャラ、ラミア化:RAND,259,敵攻撃,敵攻撃_259,__ERAIshkQ/enemy attack/tearing cloth__,
260:悪堕ちキャラ:全体RAND,260,敵攻撃,敵攻撃_260,__ERAIshkQ/enemy attack/tearing cloth__,
261:触手姫:RAND,261,敵攻撃,敵攻撃_261,__ERAIshkQ/enemy attack/tearing cloth__,
262:触手姫:全体RAND,262,敵攻撃,敵攻撃_262,__ERAIshkQ/enemy attack/tearing cloth__,
263:スライム化:全体AB,263,敵攻撃,敵攻撃_263,__ERAIshkQ/enemy attack/tearing cloth__,
264:ネコマタ:C,264,敵攻撃,敵攻撃_264,__ERAIshkQ/enemy attack/tearing cloth__,
,,敵攻撃,敵攻撃_,,
●300～:性攻撃,●300～,敵攻撃,敵攻撃_●300～,,
,,敵攻撃,敵攻撃_,,
300:テスト敵用,300,敵攻撃,敵攻撃_300,,
301:テスト敵用,301,敵攻撃,敵攻撃_301,,
302:クイーン本体:A,302,敵攻撃,敵攻撃_302,__ERAIshkQ/enemy attack/tentacle A__,
,,,敵攻撃_302a,__ERAIshkQ/enemy attack/tentacle A_soft__,
303:クイーン本体:B,303,敵攻撃,敵攻撃_303,__ERAIshkQ/enemy attack/tentacle B__,
,,,敵攻撃_303a,__ERAIshkQ/enemy attack/tentacle B_soft__,
304:クイーン本体:C,304,敵攻撃,敵攻撃_304,__ERAIshkQ/enemy attack/tentacle C__,
,,,敵攻撃_304a,__ERAIshkQ/enemy attack/tentacle C_soft__,
305:クイーン本体:V+,305,敵攻撃,敵攻撃_305,__ERAIshkQ/enemy attack/tentacle V__,
,,,敵攻撃_305a,__ERAIshkQ/enemy attack/tentacle V_soft__,
306:クイーン本体:二段複合,306,敵攻撃,敵攻撃_306,__ERAIshkQ/enemy attack/tentacle V__,
,,,敵攻撃_306a,__ERAIshkQ/enemy attack/tentacle V_soft__,
307:クイーンお供、触手姫:A+,307,敵攻撃,敵攻撃_307,__ERAIshkQ/enemy attack/tentacle A__,
,,,敵攻撃_307a,__ERAIshkQ/enemy attack/tentacle A_soft__,
308:クイーンお供、触手姫:B,308,敵攻撃,敵攻撃_308,__ERAIshkQ/enemy attack/tentacle B__,
,,,敵攻撃_308a,__ERAIshkQ/enemy attack/tentacle B_soft__,
309:クイーンお供、触手姫:C,309,敵攻撃,敵攻撃_309,__ERAIshkQ/enemy attack/tentacle C__,
,,,敵攻撃_309a,__ERAIshkQ/enemy attack/tentacle C_soft__,
310:クイーンお供、触手姫:V,310,敵攻撃,敵攻撃_310,__ERAIshkQ/enemy attack/tentacle V__,
,,,敵攻撃_310a,__ERAIshkQ/enemy attack/tentacle V_soft__,
311:ガーディアン:A,311,敵攻撃,敵攻撃_311,__ERAIshkQ/enemy attack/tentacle A__,
,,,敵攻撃_311a,__ERAIshkQ/enemy attack/tentacle A_soft__,
312:ガーディアン:B+,312,敵攻撃,敵攻撃_312,__ERAIshkQ/enemy attack/tentacle B__,
,,,敵攻撃_312a,__ERAIshkQ/enemy attack/tentacle B_soft__,
313:ガーディアン:C,313,敵攻撃,敵攻撃_313,__ERAIshkQ/enemy attack/tentacle C__,
,,,敵攻撃_313a,__ERAIshkQ/enemy attack/tentacle C_soft__,
314:ガーディアン:V,314,敵攻撃,敵攻撃_314,__ERAIshkQ/enemy attack/tentacle V__,
,,,敵攻撃_314a,__ERAIshkQ/enemy attack/tentacle V_soft__,
315:ガーディアン:二段複合,315,敵攻撃,敵攻撃_315,__ERAIshkQ/enemy attack/tentacle V__,
,,,敵攻撃_315a,__ERAIshkQ/enemy attack/tentacle V_soft__,
316:ガーディアン:全体複合,316,敵攻撃,敵攻撃_316,__ERAIshkQ/enemy attack/tentacle V__,
,,,敵攻撃_316a,__ERAIshkQ/enemy attack/tentacle V_soft__,
317:バイオプラント:A,317,敵攻撃,敵攻撃_317,__ERAIshkQ/enemy attack/tentacle A__,
,,,敵攻撃_317a,__ERAIshkQ/enemy attack/tentacle A_soft__,
318:バイオプラント:B,318,敵攻撃,敵攻撃_318,__ERAIshkQ/enemy attack/tentacle B__,
,,,敵攻撃_318a,__ERAIshkQ/enemy attack/tentacle B_soft__,
319:バイオプラント:C+,319,敵攻撃,敵攻撃_319,__ERAIshkQ/enemy attack/tentacle C__,
,,,敵攻撃_319a,__ERAIshkQ/enemy attack/tentacle C_soft__,
320:バイオプラント:V,320,敵攻撃,敵攻撃_320,__ERAIshkQ/enemy attack/tentacle V__,
,,,敵攻撃_320a,__ERAIshkQ/enemy attack/tentacle V_soft__,
321:バイオプラント:Reserved,321,敵攻撃,敵攻撃_321,,
,,,敵攻撃_321a,,
322:リビングバイン:B,322,敵攻撃,敵攻撃_322,__ERAIshkQ/enemy attack/tentacle B__,
,,,敵攻撃_322a,__ERAIshkQ/enemy attack/tentacle B_soft__,
323:リビングバイン:V+,323,敵攻撃,敵攻撃_323,__ERAIshkQ/enemy attack/tentacle V__,
,,,敵攻撃_323a,__ERAIshkQ/enemy attack/tentacle V_soft__,
324:リビングバイン:Reserved,324,敵攻撃,敵攻撃_324,,
,,,敵攻撃_324a,,
325:スカーレットバイン:B,325,敵攻撃,敵攻撃_325,__ERAIshkQ/enemy attack/tentacle B__,
,,,敵攻撃_325a,__ERAIshkQ/enemy attack/tentacle B_soft__,
326:スカーレットバイン:V+,326,敵攻撃,敵攻撃_326,__ERAIshkQ/enemy attack/tentacle V__,
,,,敵攻撃_326a,__ERAIshkQ/enemy attack/tentacle V_soft__,
327:スカーレットバイン:Reserved,327,敵攻撃,敵攻撃_327,,
,,,敵攻撃_327a,,
328:ワーム:A,328,敵攻撃,敵攻撃_328,__ERAIshkQ/enemy attack/tentacle A__,
,,,敵攻撃_328a,__ERAIshkQ/enemy attack/tentacle A_soft__,
329:ワーム:C+,329,敵攻撃,敵攻撃_329,__ERAIshkQ/enemy attack/tentacle C__,
,,,敵攻撃_329a,__ERAIshkQ/enemy attack/tentacle C_soft__,
330:ワーム:Reserved,330,敵攻撃,敵攻撃_330,,
,,,敵攻撃_330a,,
331:サンドワーム:A,331,敵攻撃,敵攻撃_331,__ERAIshkQ/enemy attack/tentacle A__,
,,,敵攻撃_331a,__ERAIshkQ/enemy attack/tentacle A_soft__,
332:サンドワーム:C+,332,敵攻撃,敵攻撃_332,__ERAIshkQ/enemy attack/tentacle C__,
,,,敵攻撃_332a,__ERAIshkQ/enemy attack/tentacle C_soft__,
333:サンドワーム:Reserved,333,敵攻撃,敵攻撃_333,,
,,,敵攻撃_333a,,
334:オクトパス:B+,334,敵攻撃,敵攻撃_334,__ERAIshkQ/enemy attack/tentacle B__,
,,,敵攻撃_334a,__ERAIshkQ/enemy attack/tentacle B_soft__,
335:オクトパス:C,335,敵攻撃,敵攻撃_335,__ERAIshkQ/enemy attack/tentacle C__,
,,,敵攻撃_335a,__ERAIshkQ/enemy attack/tentacle C_soft__,
336:オクトパス:B吸収,336,敵攻撃,敵攻撃_336,__ERAIshkQ/enemy attack/tentacle B suck__,
,,,敵攻撃_336a,__ERAIshkQ/enemy attack/tentacle B suck_soft__,
337:オクトパス:C吸収,337,敵攻撃,敵攻撃_337,__ERAIshkQ/enemy attack/tentacle C__,
,,,敵攻撃_337a,__ERAIshkQ/enemy attack/tentacle C_soft__,
338:クラーケン:B+,338,敵攻撃,敵攻撃_338,__ERAIshkQ/enemy attack/tentacle B__,
,,,敵攻撃_338a,__ERAIshkQ/enemy attack/tentacle B_soft__,
339:クラーケン:C,339,敵攻撃,敵攻撃_339,__ERAIshkQ/enemy attack/tentacle C__,
,,,敵攻撃_339a,__ERAIshkQ/enemy attack/tentacle C_soft__,
340:クラーケン:B吸収,340,敵攻撃,敵攻撃_340,__ERAIshkQ/enemy attack/tentacle B suck__,
,,,敵攻撃_340a,__ERAIshkQ/enemy attack/tentacle B suck_soft__,
341:クラーケン:C吸収,341,敵攻撃,敵攻撃_341,__ERAIshkQ/enemy attack/tentacle C__,
,,,敵攻撃_341a,__ERAIshkQ/enemy attack/tentacle C_soft__,
342:イソツビ:A,342,敵攻撃,敵攻撃_342,__ERAIshkQ/enemy attack/tentacle A__,
,,,敵攻撃_342a,__ERAIshkQ/enemy attack/tentacle A_soft__,
343:イソツビ:V+,343,敵攻撃,敵攻撃_343,__ERAIshkQ/enemy attack/tentacle V__,
,,,敵攻撃_343a,__ERAIshkQ/enemy attack/tentacle V_soft__,
344:イソツビ:複合,344,敵攻撃,敵攻撃_344,__ERAIshkQ/enemy attack/tentacle V__,
,,,敵攻撃_344a,__ERAIshkQ/enemy attack/tentacle V_soft__,
345:イソツビ:Reserved,345,敵攻撃,敵攻撃_345,,
,,,敵攻撃_345a,,
346:アクティニア:A,346,敵攻撃,敵攻撃_346,__ERAIshkQ/enemy attack/tentacle A__,
,,,敵攻撃_346a,__ERAIshkQ/enemy attack/tentacle A_soft__,
347:アクティニア:V+,347,敵攻撃,敵攻撃_347,__ERAIshkQ/enemy attack/tentacle V__,
,,,敵攻撃_347a,__ERAIshkQ/enemy attack/tentacle V_soft__,
348:アクティニア:A吸収,348,敵攻撃,敵攻撃_348,__ERAIshkQ/enemy attack/tentacle A__,
,,,敵攻撃_348a,__ERAIshkQ/enemy attack/tentacle A_soft__,
349:アクティニア:V吸収,349,敵攻撃,敵攻撃_349,__ERAIshkQ/enemy attack/tentacle V__,
,,,敵攻撃_349a,__ERAIshkQ/enemy attack/tentacle V_soft__,
350:アクティニア:二段複合,350,敵攻撃,敵攻撃_350,__ERAIshkQ/enemy attack/tentacle V__,
,,,敵攻撃_350a,__ERAIshkQ/enemy attack/tentacle V_soft__,
351:スライム:A+,351,敵攻撃,敵攻撃_351,__ERAIshkQ/enemy attack/tentacle A__,
,,,敵攻撃_351a,__ERAIshkQ/enemy attack/tentacle A_soft__,
352:スライム:B,352,敵攻撃,敵攻撃_352,__ERAIshkQ/enemy attack/tentacle B__,
,,,敵攻撃_352a,__ERAIshkQ/enemy attack/tentacle B_soft__,
353:スライム:全体A,353,敵攻撃,敵攻撃_353,__ERAIshkQ/enemy attack/tentacle A__,
,,,敵攻撃_353a,__ERAIshkQ/enemy attack/tentacle A_soft__,
354:スライム:全体B,354,敵攻撃,敵攻撃_354,__ERAIshkQ/enemy attack/tentacle B__,
,,,敵攻撃_354a,__ERAIshkQ/enemy attack/tentacle B_soft__,
355:ブロブ、スライム化:A+,355,敵攻撃,敵攻撃_355,__ERAIshkQ/enemy attack/tentacle A__,
,,,敵攻撃_355a,__ERAIshkQ/enemy attack/tentacle A_soft__,
356:ブロブ、スライム化:B,356,敵攻撃,敵攻撃_356,__ERAIshkQ/enemy attack/tentacle B__,
,,,敵攻撃_356a,__ERAIshkQ/enemy attack/tentacle B_soft__,
357:ブロブ:全体A,357,敵攻撃,敵攻撃_357,__ERAIshkQ/enemy attack/tentacle A__,
,,,敵攻撃_357a,__ERAIshkQ/enemy attack/tentacle A_soft__,
358:ブロブ:全体B,358,敵攻撃,敵攻撃_358,__ERAIshkQ/enemy attack/tentacle B__,
,,,敵攻撃_358a,__ERAIshkQ/enemy attack/tentacle B_soft__,
359:アルラウネ:C+,359,敵攻撃,敵攻撃_359,__ERAIshkQ/enemy attack/tentacle C__,
,,,敵攻撃_359a,__ERAIshkQ/enemy attack/tentacle C_soft__,
360:アルラウネ:V,360,敵攻撃,敵攻撃_360,__ERAIshkQ/enemy attack/tentacle V__,
,,,敵攻撃_360a,__ERAIshkQ/enemy attack/tentacle V_soft__,
361:アルラウネ:複合＋自慰誘発,361,敵攻撃,敵攻撃_361,__ERAIshkQ/enemy attack/tentacle V__,
,,,敵攻撃_361a,__ERAIshkQ/enemy attack/tentacle V_soft__,
362:アルラウネ:Reserved,362,敵攻撃,敵攻撃_362,,
,,,敵攻撃_362a,,
363:ドリアード、アルラウネ化:C+,363,敵攻撃,敵攻撃_363,__ERAIshkQ/enemy attack/tentacle C__,
,,,敵攻撃_363a,__ERAIshkQ/enemy attack/tentacle C_soft__,
364:ドリアード、アルラウネ化:V,364,敵攻撃,敵攻撃_364,__ERAIshkQ/enemy attack/tentacle V__,
,,,敵攻撃_364a,__ERAIshkQ/enemy attack/tentacle V_soft__,
365:ドリアード、アルラウネ化:複合＋自慰誘発,365,敵攻撃,敵攻撃_365,__ERAIshkQ/enemy attack/tentacle V__,
,,,敵攻撃_365a,__ERAIshkQ/enemy attack/tentacle V_soft__,
366:ドリアード:Reserved,366,敵攻撃,敵攻撃_366,,
,,,敵攻撃_366a,,
367:シェイプシフター:A+,367,敵攻撃,敵攻撃_367,__ERAIshkQ/enemy attack/tentacle A__,
,,,敵攻撃_367a,__ERAIshkQ/enemy attack/tentacle A_soft__,
368:シェイプシフター:B,368,敵攻撃,敵攻撃_368,__ERAIshkQ/enemy attack/tentacle B__,
,,,敵攻撃_368a,__ERAIshkQ/enemy attack/tentacle B_soft__,
369:シェイプシフター:C,369,敵攻撃,敵攻撃_369,__ERAIshkQ/enemy attack/tentacle C__,
,,,敵攻撃_369a,__ERAIshkQ/enemy attack/tentacle C_soft__,
370:シェイプシフター:V,370,敵攻撃,敵攻撃_370,__ERAIshkQ/enemy attack/tentacle V__,
,,,敵攻撃_370a,__ERAIshkQ/enemy attack/tentacle V_soft__,
371:シェイプシフター:複合,371,敵攻撃,敵攻撃_371,__ERAIshkQ/enemy attack/tentacle V__,
,,,敵攻撃_371a,__ERAIshkQ/enemy attack/tentacle V_soft__,
372:シェイプシフター:Reserved,372,敵攻撃,敵攻撃_372,,
,,,敵攻撃_372a,,
373:ドッペルゲンガー:A+,373,敵攻撃,敵攻撃_373,__ERAIshkQ/enemy attack/tentacle A__,
,,,敵攻撃_373a,__ERAIshkQ/enemy attack/tentacle A_soft__,
374:ドッペルゲンガー:B,374,敵攻撃,敵攻撃_374,__ERAIshkQ/enemy attack/tentacle B__,
,,,敵攻撃_374a,__ERAIshkQ/enemy attack/tentacle B_soft__,
375:ドッペルゲンガー:C,375,敵攻撃,敵攻撃_375,__ERAIshkQ/enemy attack/tentacle C__,
,,,敵攻撃_375a,__ERAIshkQ/enemy attack/tentacle C_soft__,
376:ドッペルゲンガー:V,376,敵攻撃,敵攻撃_376,__ERAIshkQ/enemy attack/tentacle V__,
,,,敵攻撃_376a,__ERAIshkQ/enemy attack/tentacle V_soft__,
377:ドッペルゲンガー:三段複合,377,敵攻撃,敵攻撃_377,__ERAIshkQ/enemy attack/tentacle V__,
,,,敵攻撃_377a,__ERAIshkQ/enemy attack/tentacle V_soft__,
378:ドッペルゲンガー:Reserved,378,敵攻撃,敵攻撃_378,,
,,,敵攻撃_378a,,
379:ヒュプノ:A,379,敵攻撃,敵攻撃_379,__ERAIshkQ/enemy attack/tentacle A__,
,,,敵攻撃_379a,__ERAIshkQ/enemy attack/tentacle A_soft__,
380:ヒュプノ:B+,380,敵攻撃,敵攻撃_380,__ERAIshkQ/enemy attack/tentacle B__,
,,,敵攻撃_380a,__ERAIshkQ/enemy attack/tentacle B_soft__,
381:ヒュプノ:C,381,敵攻撃,敵攻撃_381,__ERAIshkQ/enemy attack/tentacle C__,
,,,敵攻撃_381a,__ERAIshkQ/enemy attack/tentacle C_soft__,
382:ヒュプノ:V,382,敵攻撃,敵攻撃_382,__ERAIshkQ/enemy attack/tentacle V__,
,,,敵攻撃_382a,__ERAIshkQ/enemy attack/tentacle V_soft__,
383:ヒュプノ:二段複合,383,敵攻撃,敵攻撃_383,__ERAIshkQ/enemy attack/tentacle V__,
,,,敵攻撃_383a,__ERAIshkQ/enemy attack/tentacle V_soft__,
384:ヒュプノ:全体複合,384,敵攻撃,敵攻撃_384,__ERAIshkQ/enemy attack/tentacle V__,
,,,敵攻撃_384a,__ERAIshkQ/enemy attack/tentacle V_soft__,
385:ヒュプノ:全体B+,385,敵攻撃,敵攻撃_385,__ERAIshkQ/enemy attack/tentacle B__,
,,,敵攻撃_385a,__ERAIshkQ/enemy attack/tentacle B_soft__,
386:ヒュプノ:全体V,386,敵攻撃,敵攻撃_386,__ERAIshkQ/enemy attack/tentacle V__,
,,,敵攻撃_386a,__ERAIshkQ/enemy attack/tentacle V_soft__,
387:コウノトリ:全体V,387,敵攻撃,敵攻撃_387,__ERAIshkQ/enemy attack/tentacle V__,
,,,敵攻撃_387a,__ERAIshkQ/enemy attack/tentacle V_soft__,
388:フコウノトリ:全体V,388,敵攻撃,敵攻撃_388,__ERAIshkQ/enemy attack/tentacle V__,
,,,敵攻撃_388a,__ERAIshkQ/enemy attack/tentacle V_soft__,
,,敵攻撃,敵攻撃_,,
,,,敵攻撃_a,,
390:ユニコーン:性攻撃A,390,敵攻撃,敵攻撃_390,__ERAIshkQ/enemy attack/tentacle A__,
,,,敵攻撃_390a,__ERAIshkQ/enemy attack/tentacle A_soft__,
391:ユニコーン:性攻撃C,391,敵攻撃,敵攻撃_391,__ERAIshkQ/enemy attack/tentacle C__,
,,,敵攻撃_391a,__ERAIshkQ/enemy attack/tentacle C_soft__,
392:スキュラ:全体Ｂ,392,敵攻撃,敵攻撃_392,__ERAIshkQ/enemy attack/tentacle B__,
,,,敵攻撃_392a,__ERAIshkQ/enemy attack/tentacle B_soft__,
394:ナインテイルズ:A,394,敵攻撃,敵攻撃_394,__ERAIshkQ/enemy attack/tentacle A__,
,,,敵攻撃_394a,__ERAIshkQ/enemy attack/tentacle A_soft__,
395:ナインテイルズ:B吸収,395,敵攻撃,敵攻撃_395,__ERAIshkQ/enemy attack/tentacle B suck__,
,,,敵攻撃_395a,__ERAIshkQ/enemy attack/tentacle B suck_soft__,
396:ナインテイルズ:C,396,敵攻撃,敵攻撃_396,__ERAIshkQ/enemy attack/tentacle C__,
,,,敵攻撃_396a,__ERAIshkQ/enemy attack/tentacle C_soft__,
397:ナインテイルズ:V,397,敵攻撃,敵攻撃_397,__ERAIshkQ/enemy attack/tentacle V__,
,,,敵攻撃_397a,__ERAIshkQ/enemy attack/tentacle V_soft__,
398:男傀儡:A,398,敵攻撃,敵攻撃_398,__ERAIshkQ/enemy attack/tentacle A__,
,,,敵攻撃_398a,__ERAIshkQ/enemy attack/tentacle A_soft__,
399:男傀儡:B,399,敵攻撃,敵攻撃_399,__ERAIshkQ/enemy attack/tentacle B__,
,,,敵攻撃_399a,__ERAIshkQ/enemy attack/tentacle B_soft__,
400:男傀儡:C,400,敵攻撃,敵攻撃_400,__ERAIshkQ/enemy attack/tentacle C__,
,,,敵攻撃_400a,__ERAIshkQ/enemy attack/tentacle C_soft__,
401:男傀儡:V,401,敵攻撃,敵攻撃_401,__ERAIshkQ/enemy attack/tentacle V__,
,,,敵攻撃_401a,__ERAIshkQ/enemy attack/tentacle V_soft__,
402:ジェリーフィッシュ:C吸収,402,敵攻撃,敵攻撃_402,__ERAIshkQ/enemy attack/tentacle C__,
,,,敵攻撃_402a,__ERAIshkQ/enemy attack/tentacle C_soft__,
403:アメーバ:B,403,敵攻撃,敵攻撃_403,__ERAIshkQ/enemy attack/tentacle B__,
,,,敵攻撃_403a,__ERAIshkQ/enemy attack/tentacle B_soft__,
404:フレッシュゴーレム:V全体,404,敵攻撃,敵攻撃_404,__ERAIshkQ/enemy attack/tentacle V__,
,,,敵攻撃_404a,__ERAIshkQ/enemy attack/tentacle V_soft__,
405:フレッシュゴーレム:A全体,405,敵攻撃,敵攻撃_405,__ERAIshkQ/enemy attack/tentacle A__,
,,,敵攻撃_405a,__ERAIshkQ/enemy attack/tentacle A_soft__,
406:Cワンプ、Cアナコンダ:Ｃ性攻撃:特殊効果163,406,敵攻撃,敵攻撃_406,__ERAIshkQ/enemy attack/tentacle C__,
,,,敵攻撃_406a,__ERAIshkQ/enemy attack/tentacle C_soft__,
407:Cワンプ、Cアナコンダ:Ｃ性攻撃:特殊効果163,407,敵攻撃,敵攻撃_407,__ERAIshkQ/enemy attack/tentacle C__,
,,,敵攻撃_407a,__ERAIshkQ/enemy attack/tentacle C_soft__,
408:Cワンプ、Cアナコンダ:Ｃ性攻撃:特殊効果408:NP追加＆低確率で発情（Lv1のみ）,408,敵攻撃,敵攻撃_408,__ERAIshkQ/enemy attack/tentacle C__,
,,,敵攻撃_408a,__ERAIshkQ/enemy attack/tentacle C_soft__,
409:Cワンプ、Cアナコンダ:ＶＡ複合性攻撃:特殊効果163,409,敵攻撃,敵攻撃_409,__ERAIshkQ/enemy attack/tentacle A__,
,,,敵攻撃_409a,__ERAIshkQ/enemy attack/tentacle A_soft__,
410:ホフゴブリン:RAND性,410,敵攻撃,敵攻撃_410,__ERAIshkQ/enemy attack/tentacle V__,
,,,敵攻撃_410a,__ERAIshkQ/enemy attack/tentacle V_soft__,
,,敵攻撃,敵攻撃_,,
,,,敵攻撃_a,,
412:根無し草:V吸収,412,敵攻撃,敵攻撃_412,__ERAIshkQ/enemy attack/tentacle V__,
,,,敵攻撃_412a,__ERAIshkQ/enemy attack/tentacle V_soft__,
413:根無し草:B吸収,413,敵攻撃,敵攻撃_413,__ERAIshkQ/enemy attack/tentacle B suck__,
,,,敵攻撃_413a,__ERAIshkQ/enemy attack/tentacle B suck_soft__,
414:根無し草:M吸収,414,敵攻撃,敵攻撃_414,,
,,,敵攻撃_414a,,
415:根無し草:M吸収中,415,敵攻撃,敵攻撃_415,,
,,,敵攻撃_415a,,
416:クリスタルエレメント:肌（MPダメージ大）,416,敵攻撃,敵攻撃_416,,
,,,敵攻撃_416a,,
417:クリスタルエレメント:性RAND,417,敵攻撃,敵攻撃_417,,
,,,敵攻撃_417a,,
418:テンタクルウォール、タングルフット:V,418,敵攻撃,敵攻撃_418,__ERAIshkQ/enemy attack/tentacle V__,
,,,敵攻撃_418a,__ERAIshkQ/enemy attack/tentacle V_soft__,
419:メカテンタクルス:秘部を撮影:処女を奪わないV属性,419,敵攻撃,敵攻撃_419,__ERAIshkQ/enemy attack/tentacle C__,
,,,敵攻撃_419a,__ERAIshkQ/enemy attack/tentacle C_soft__,
420:メカテンタクルス:肛門に突き刺さるアーム,420,敵攻撃,敵攻撃_420,__ERAIshkQ/enemy attack/tentacle A__,
,,,敵攻撃_420a,__ERAIshkQ/enemy attack/tentacle A_soft__,
421:スライム化:全体肌,421,敵攻撃,敵攻撃_421,,
,,,敵攻撃_421a,,
422:スライム化:全体B,422,敵攻撃,敵攻撃_422,__ERAIshkQ/enemy attack/tentacle B__,
,,,敵攻撃_422a,__ERAIshkQ/enemy attack/tentacle B_soft__,
,,敵攻撃,敵攻撃_,,
,,敵攻撃,敵攻撃_,,
●500～::拘束攻撃,●500～,敵攻撃,敵攻撃_●500～,,
,,敵攻撃,敵攻撃_,,
500:テスト敵用,500,敵攻撃,敵攻撃_500,,
501:クイーン本体:丸呑み:::複数拘束可,501,敵攻撃,敵攻撃_501,__ERAIshkQ/enemy attack/vore__ ,
502:クイーン本体:全体丸呑み:::複数拘束可,502,敵攻撃,敵攻撃_502,__ERAIshkQ/enemy attack/vore__ ,
503:クイーン本体:二段丸呑み:::複数拘束可,503,敵攻撃,敵攻撃_503,__ERAIshkQ/enemy attack/vore__ ,
504:クイーンお供、スモークミスト、パラサイトミスト、触手姫:拘束,504,敵攻撃,敵攻撃_504,__ERAIshkQ/enemy attack/hang__ ,
505:クイーンお供:Reserved,505,敵攻撃,敵攻撃_505,,
506:ガーディアン、ダークアイ:拘束:::複数拘束可,506,敵攻撃,敵攻撃_506,__ERAIshkQ/enemy attack/hang__ ,
507:ガーディアン、ダークアイ:全体拘束:::複数拘束可,507,敵攻撃,敵攻撃_507,__ERAIshkQ/enemy attack/hang__ ,
508:ガーディアン、ダークアイ、エンジェルドーター:二段拘束:::複数拘束可,508,敵攻撃,敵攻撃_508,__ERAIshkQ/enemy attack/hang__ ,
509:バイオプラント、ナイトメアケージ:丸呑み,509,敵攻撃,敵攻撃_509,__ERAIshkQ/enemy attack/vore__ ,
510:バイオプラント:Reserved,510,敵攻撃,敵攻撃_510,,
511:リビングバイン、レイニーバイン:拘束,511,敵攻撃,敵攻撃_511,__ERAIshkQ/enemy attack/hang__ ,
512:リビングバイン:Reserved,512,敵攻撃,敵攻撃_512,,
513:スカーレットバイン:拘束,513,敵攻撃,敵攻撃_513,__ERAIshkQ/enemy attack/hang__ ,
514:スカーレットバイン:Reserved,514,敵攻撃,敵攻撃_514,,
515:ワーム:丸呑み,515,敵攻撃,敵攻撃_515,__ERAIshkQ/enemy attack/vore__ ,
516:ワーム:Reserved,516,敵攻撃,敵攻撃_516,,
517:サンドワーム、ダブルイール:丸呑み,517,敵攻撃,敵攻撃_517,__ERAIshkQ/enemy attack/vore__ ,
518:サンドワーム:Reserved,518,敵攻撃,敵攻撃_518,,
519:オクトパス:拘束,519,敵攻撃,敵攻撃_519,__ERAIshkQ/enemy attack/hang__ ,
520:オクトパス:Reserved,520,敵攻撃,敵攻撃_520,,
521:クラーケン、バンシー、スキュラ:拘束,521,敵攻撃,敵攻撃_521,__ERAIshkQ/enemy attack/hang__ ,
522:クラーケン:Reserved,522,敵攻撃,敵攻撃_522,,
523:イソツビ:丸呑み,523,敵攻撃,敵攻撃_523,__ERAIshkQ/enemy attack/vore__ ,
524:イソツビ、マンイーター、ミミック:二段丸呑み,524,敵攻撃,敵攻撃_524,__ERAIshkQ/enemy attack/vore__ ,
525:アクティニア:丸呑み,525,敵攻撃,敵攻撃_525,__ERAIshkQ/enemy attack/vore__ ,
526:アクティニア:三段丸呑み,526,敵攻撃,敵攻撃_526,__ERAIshkQ/enemy attack/vore__ ,
527:スライム、レッドプリン、ショゴスセル:丸呑み,527,敵攻撃,敵攻撃_527,__ERAIshkQ/enemy attack/vore__ ,
528:スライム:Reserved,528,敵攻撃,敵攻撃_528,,
529:ブロブ:丸呑み,529,敵攻撃,敵攻撃_529,__ERAIshkQ/enemy attack/vore__ ,
530:ブロブ:全体丸呑み,530,敵攻撃,敵攻撃_530,__ERAIshkQ/enemy attack/vore__ ,
531:アルラウネ、レディポイズン、アルケニー、ローズフェアリー:拘束,531,敵攻撃,敵攻撃_531,__ERAIshkQ/enemy attack/hang__ ,
532:アルラウネ:Reserved,532,敵攻撃,敵攻撃_532,,
533:ドリアード:拘束,533,敵攻撃,敵攻撃_533,__ERAIshkQ/enemy attack/vore__ ,
534:ドリアード:Reserved,534,敵攻撃,敵攻撃_534,,
535:シェイプシフター:拘束,535,敵攻撃,敵攻撃_535,__ERAIshkQ/enemy attack/vore__ ,
536:シェイプシフター:Reserved,536,敵攻撃,敵攻撃_536,,
537:ドッペルゲンガー:拘束:::複数拘束可,537,敵攻撃,敵攻撃_537,__ERAIshkQ/enemy attack/cought by female__ ,
538:ドッペルゲンガー、テンタクルス:全体拘束:::複数拘束可,538,敵攻撃,敵攻撃_538,__ERAIshkQ/enemy attack/hang__ ,
539:ドッペルゲンガー:Reserved,539,敵攻撃,敵攻撃_539,,
540:○○の娘、ミステリードール、スノウガール、サンダーラプター、サキュバス、セイレーン:拘束,540,敵攻撃,敵攻撃_540,__ERAIshkQ/enemy attack/cought by female__ ,
541:○○の娘:Reserved,541,敵攻撃,敵攻撃_541,,
542:ヒュプノ、レッサーヒュプノ:拘束:::複数拘束可,542,敵攻撃,敵攻撃_542,__ERAIshkQ/enemy attack/hang__ ,
543:ヒュプノ、レッサーヒュプノ:全体拘束:::複数拘束可,543,敵攻撃,敵攻撃_543,__ERAIshkQ/enemy attack/hang__ ,
544:フェアリーイーター拘束,544,敵攻撃,敵攻撃_544,__ERAIshkQ/enemy attack/hang__ ,
545:フェアリーイーター丸呑み:拘束中の丸呑みなので別枠としてFLAG55に10を使用,545,敵攻撃,敵攻撃_545,__ERAIshkQ/enemy attack/vore__ ,
546:コウノトリ:拘束,546,敵攻撃,敵攻撃_546,__ERAIshkQ/enemy attack/vore__ ,鳥の巣にお持ち帰り
547:フコウノトリ:全体拘束,547,敵攻撃,敵攻撃_547,__ERAIshkQ/enemy attack/hang__ ,
548:ユニコーン:拘束攻撃,548,敵攻撃,敵攻撃_548,__ERAIshkQ/enemy attack/hang__ ,
549:ラミア、ラミア化:拘束,549,敵攻撃,敵攻撃_549,__ERAIshkQ/enemy attack/hang__ ,尾
550:人食い箱:呑み込み,550,敵攻撃,敵攻撃_550,__ERAIshkQ/enemy attack/vore__ ,
551:ヴォジャノーイ:丸呑み,551,敵攻撃,敵攻撃_551,__ERAIshkQ/enemy attack/vore__ ,
552:ナインテイルズ:拘束,552,敵攻撃,敵攻撃_552,__ERAIshkQ/enemy attack/hang__ ,尾
553:ハウンド:拘束,553,敵攻撃,敵攻撃_553,__ERAIshkQ/enemy attack/cought by dog__ ,
554:男傀儡:拘束,554,敵攻撃,敵攻撃_554,__ERAIshkQ/enemy attack/cought by male__ ,
555:ジェリーフィッシュ:拘束,555,敵攻撃,敵攻撃_555,__ERAIshkQ/enemy attack/hang__ ,頭にとりつく
555:ジェリーフィッシュ:拘束,555,敵攻撃,敵攻撃_555,__ERAIshkQ/enemy attack/hang__ ,頭にとりつく
556:フレッシュゴーレム:全体拘束:ふたりまで,556,敵攻撃,敵攻撃_556,__ERAIshkQ/enemy attack/cought by male__ ,
557:アグー:拘束,557,敵攻撃,敵攻撃_557,__ERAIshkQ/enemy attack/cought by male__ ,
558:Cワンプ、Cアナコンダ:拘束攻撃,558,敵攻撃,敵攻撃_558,__ERAIshkQ/enemy attack/hang__ ,巻き付き
559:ホフゴブリン:拘束,559,敵攻撃,敵攻撃_559,__ERAIshkQ/enemy attack/cought by male__ ,
560:YMあなた:拘束,560,敵攻撃,敵攻撃_560,__ERAIshkQ/enemy attack/cought by male__ ,
,,敵攻撃,敵攻撃_,,
562:ゲルシューター:拘束,562,敵攻撃,敵攻撃_562,__ERAIshkQ/enemy attack/vore__ ,
563:根無し草:丸呑み,563,敵攻撃,敵攻撃_563,__ERAIshkQ/enemy attack/vore__ ,
564:拘束,564,敵攻撃,敵攻撃_564,__ERAIshkQ/enemy attack/hang__ ,鎖
565:テンタクルウォール:丸呑み:::複数拘束可,565,敵攻撃,敵攻撃_565,__ERAIshkQ/enemy attack/vore__ ,
566:タングルフット:丸呑み、複数可能:::複数拘束可,566,敵攻撃,敵攻撃_566,__ERAIshkQ/enemy attack/vore__ ,
567:メカテンタクルス:お約束にアームで大の字に宙吊り,567,敵攻撃,敵攻撃_567,__ERAIshkQ/enemy attack/hang__ ,メカ
568:悪堕ちキャラ:拘束,568,敵攻撃,敵攻撃_568,__ERAIshkQ/enemy attack/cought by female__ ,
569:触手姫:拘束（高難易度で全体化）:::複数拘束可,569,敵攻撃,敵攻撃_569,__ERAIshkQ/enemy attack/cought by female__ ,
570:アルラウネ化:拘束,570,敵攻撃,敵攻撃_570,__ERAIshkQ/enemy attack/cought by female__ ,
571:スライム化:丸呑み,571,敵攻撃,敵攻撃_571,__ERAIshkQ/enemy attack/vore__ ,
572:ファンガス:拘束,572,敵攻撃,敵攻撃_572,__ERAIshkQ/enemy attack/hang__ ,背中に寄生
573:ヴォッキ、フルヴォッキ:拘束、肌＋精液性ダメージ:複数拘束可,573,敵攻撃,敵攻撃_573,__ERAIshkQ/enemy attack/vore__ ,
574:ヴォッキ、フルヴォッキ:丸呑み、テキスト表現ルナ以上で骨折追加:複数拘束可,574,敵攻撃,敵攻撃_574,__ERAIshkQ/enemy attack/vore__ ,
576:ネコマタ:拘束,576,敵攻撃,敵攻撃_576,__ERAIshkQ/enemy attack/hang__ ,尾
577:コントローラー:拘束,577,敵攻撃,敵攻撃_577,__ERAIshkQ/enemy attack/hang__ ,後頭部にとりつく
578:尻尾あり娘:拘束,578,敵攻撃,敵攻撃_578,__ERAIshkQ/enemy attack/cought by female__ ,
,,敵攻撃,敵攻撃_,,
●600～::性攻撃（強）,●600～,敵攻撃,敵攻撃_●600～,,
,,敵攻撃,敵攻撃_,,
602:クイーン本体:A,602,敵攻撃,敵攻撃_602,__ERAIshkQ/enemy attack/tentacle A__,
,,,敵攻撃_602a,__ERAIshkQ/enemy attack/tentacle A_soft__,
603:クイーン本体:B,603,敵攻撃,敵攻撃_603,__ERAIshkQ/enemy attack/tentacle B__,
,,,敵攻撃_603a,__ERAIshkQ/enemy attack/tentacle B_soft__,
604:クイーン本体:C,604,敵攻撃,敵攻撃_604,__ERAIshkQ/enemy attack/tentacle C__,
,,,敵攻撃_604a,__ERAIshkQ/enemy attack/tentacle C_soft__,
605:クイーン本体:V+,605,敵攻撃,敵攻撃_605,__ERAIshkQ/enemy attack/tentacle V__,
,,,敵攻撃_605a,__ERAIshkQ/enemy attack/tentacle V_soft__,
606:クイーン本体:ABCV肌M二段複合,606,敵攻撃,敵攻撃_606,__ERAIshkQ/enemy attack/tentacle V__,
,,,敵攻撃_606a,__ERAIshkQ/enemy attack/tentacle V_soft__,
607:クイーンお供:A+,607,敵攻撃,敵攻撃_607,__ERAIshkQ/enemy attack/tentacle A__,
,,,敵攻撃_607a,__ERAIshkQ/enemy attack/tentacle A_soft__,
608:クイーンお供:B,608,敵攻撃,敵攻撃_608,__ERAIshkQ/enemy attack/tentacle B__,
,,,敵攻撃_608a,__ERAIshkQ/enemy attack/tentacle B_soft__,
609:クイーンお供、触手姫:C,609,敵攻撃,敵攻撃_609,__ERAIshkQ/enemy attack/tentacle C__,
,,,敵攻撃_609a,__ERAIshkQ/enemy attack/tentacle C_soft__,
610:クイーンお供:V,610,敵攻撃,敵攻撃_610,__ERAIshkQ/enemy attack/tentacle V__,
,,,敵攻撃_610a,__ERAIshkQ/enemy attack/tentacle V_soft__,
611:ガーディアン:A,611,敵攻撃,敵攻撃_611,__ERAIshkQ/enemy attack/tentacle A__,
,,,敵攻撃_611a,__ERAIshkQ/enemy attack/tentacle A_soft__,
612:ガーディアン:B+,612,敵攻撃,敵攻撃_612,__ERAIshkQ/enemy attack/tentacle B__,
,,,敵攻撃_612a,__ERAIshkQ/enemy attack/tentacle B_soft__,
613:ガーディアン:C,613,敵攻撃,敵攻撃_613,__ERAIshkQ/enemy attack/tentacle C__,
,,,敵攻撃_613a,__ERAIshkQ/enemy attack/tentacle C_soft__,
614:ガーディアン:V,614,敵攻撃,敵攻撃_614,__ERAIshkQ/enemy attack/tentacle V__,
,,,敵攻撃_614a,__ERAIshkQ/enemy attack/tentacle V_soft__,
615:ガーディアン:ABCV肌M二段複合,615,敵攻撃,敵攻撃_615,__ERAIshkQ/enemy attack/tentacle A__,
,,,敵攻撃_615a,__ERAIshkQ/enemy attack/tentacle A_soft__,
616:ガーディアン:Reserved,616,敵攻撃,敵攻撃_616,,
,,,敵攻撃_616a,,
617:バイオプラント:A,617,敵攻撃,敵攻撃_617,__ERAIshkQ/enemy attack/tentacle A__,
,,,敵攻撃_617a,__ERAIshkQ/enemy attack/tentacle A_soft__,
618:バイオプラント:B,618,敵攻撃,敵攻撃_618,__ERAIshkQ/enemy attack/tentacle B__,
,,,敵攻撃_618a,__ERAIshkQ/enemy attack/tentacle B_soft__,
619:バイオプラント:C+,619,敵攻撃,敵攻撃_619,__ERAIshkQ/enemy attack/tentacle C__,
,,,敵攻撃_619a,__ERAIshkQ/enemy attack/tentacle C_soft__,
620:バイオプラント:V,620,敵攻撃,敵攻撃_620,__ERAIshkQ/enemy attack/tentacle V__,
,,,敵攻撃_620a,__ERAIshkQ/enemy attack/tentacle V_soft__,
621:バイオプラント:Reserved,621,敵攻撃,敵攻撃_621,,
,,,敵攻撃_621a,,
622:リビングバイン:B,622,敵攻撃,敵攻撃_622,__ERAIshkQ/enemy attack/tentacle B__,
,,,敵攻撃_622a,__ERAIshkQ/enemy attack/tentacle B_soft__,
623:リビングバイン:V+,623,敵攻撃,敵攻撃_623,__ERAIshkQ/enemy attack/tentacle V__,
,,,敵攻撃_623a,__ERAIshkQ/enemy attack/tentacle V_soft__,
624:リビングバイン:Reserved,624,敵攻撃,敵攻撃_624,,
,,,敵攻撃_624a,,
625:スカーレットバイン:B,625,敵攻撃,敵攻撃_625,__ERAIshkQ/enemy attack/tentacle B__,
,,,敵攻撃_625a,__ERAIshkQ/enemy attack/tentacle B_soft__,
626:スカーレットバイン:V+,626,敵攻撃,敵攻撃_626,__ERAIshkQ/enemy attack/tentacle V__,
,,,敵攻撃_626a,__ERAIshkQ/enemy attack/tentacle V_soft__,
627:スカーレットバイン:Reserved,627,敵攻撃,敵攻撃_627,,
,,,敵攻撃_627a,,
628:ワーム:A,628,敵攻撃,敵攻撃_628,__ERAIshkQ/enemy attack/tentacle A__,
,,,敵攻撃_628a,__ERAIshkQ/enemy attack/tentacle A_soft__,
629:ワーム:C+,629,敵攻撃,敵攻撃_629,__ERAIshkQ/enemy attack/tentacle C__,
,,,敵攻撃_629a,__ERAIshkQ/enemy attack/tentacle C_soft__,
630:ワーム:Reserved,630,敵攻撃,敵攻撃_630,,
,,,,,
631:サンドワーム:A,631,敵攻撃,敵攻撃_631,__ERAIshkQ/enemy attack/tentacle A__,
,,,敵攻撃_631a,__ERAIshkQ/enemy attack/tentacle A_soft__,
632:サンドワーム:C+,632,敵攻撃,敵攻撃_632,__ERAIshkQ/enemy attack/tentacle C__,
,,,敵攻撃_632a,__ERAIshkQ/enemy attack/tentacle C_soft__,
633:サンドワーム:Reserved,633,敵攻撃,敵攻撃_633,,
,,,敵攻撃_633a,,
634:オクトパス:B+,634,敵攻撃,敵攻撃_634,__ERAIshkQ/enemy attack/tentacle B__,
,,,敵攻撃_634a,__ERAIshkQ/enemy attack/tentacle B_soft__,
635:オクトパス:C,635,敵攻撃,敵攻撃_635,__ERAIshkQ/enemy attack/tentacle C__,
,,,敵攻撃_635a,__ERAIshkQ/enemy attack/tentacle C_soft__,
636:オクトパス:B吸収,636,敵攻撃,敵攻撃_636,__ERAIshkQ/enemy attack/tentacle B suck__,
,,,敵攻撃_636a,__ERAIshkQ/enemy attack/tentacle B suck_soft__,
637:オクトパス:C吸収,637,敵攻撃,敵攻撃_637,,
,,,,,
638:クラーケン:B+,638,敵攻撃,敵攻撃_638,__ERAIshkQ/enemy attack/tentacle B__,
,,,敵攻撃_638a,__ERAIshkQ/enemy attack/tentacle B_soft__,
639:クラーケン:C,639,敵攻撃,敵攻撃_639,__ERAIshkQ/enemy attack/tentacle C__,
,,,敵攻撃_639a,__ERAIshkQ/enemy attack/tentacle C_soft__,
640:クラーケン:B吸収,640,敵攻撃,敵攻撃_640,__ERAIshkQ/enemy attack/tentacle B suck__,
,,,敵攻撃_640a,__ERAIshkQ/enemy attack/tentacle B suck_soft__,
641:クラーケン:C吸収,641,敵攻撃,敵攻撃_641,__ERAIshkQ/enemy attack/tentacle C__,
,,,敵攻撃_641a,__ERAIshkQ/enemy attack/tentacle C_soft__,
642:イソツビ:A,642,敵攻撃,敵攻撃_642,__ERAIshkQ/enemy attack/tentacle A__,
,,,敵攻撃_642a,__ERAIshkQ/enemy attack/tentacle A_soft__,
643:イソツビ:V+,643,敵攻撃,敵攻撃_643,__ERAIshkQ/enemy attack/tentacle V__,
,,,敵攻撃_643a,__ERAIshkQ/enemy attack/tentacle V_soft__,
644:イソツビ:AV複合,644,敵攻撃,敵攻撃_644,__ERAIshkQ/enemy attack/tentacle AV__,
,,,敵攻撃_644a,__ERAIshkQ/enemy attack/tentacle AV_soft__,
645:イソツビ:Reserved,645,敵攻撃,敵攻撃_645,,
,,,,,
646:アクティニア:A,646,敵攻撃,敵攻撃_646,__ERAIshkQ/enemy attack/tentacle A__,
,,,敵攻撃_646a,__ERAIshkQ/enemy attack/tentacle A_soft__,
647:アクティニア:V+,647,敵攻撃,敵攻撃_647,__ERAIshkQ/enemy attack/tentacle V__,
,,,敵攻撃_647a,__ERAIshkQ/enemy attack/tentacle V_soft__,
648:アクティニア:A吸収,648,敵攻撃,敵攻撃_648,__ERAIshkQ/enemy attack/tentacle A__,
,,,敵攻撃_648a,__ERAIshkQ/enemy attack/tentacle A_soft__,
649:アクティニア:V吸収,649,敵攻撃,敵攻撃_649,__ERAIshkQ/enemy attack/tentacle V__,
,,,敵攻撃_649a,__ERAIshkQ/enemy attack/tentacle V_soft__,
650:アクティニア:AV二段複合,650,敵攻撃,敵攻撃_650,__ERAIshkQ/enemy attack/tentacle AV__,
,,,敵攻撃_650a,__ERAIshkQ/enemy attack/tentacle AV_soft__,
651:スライム:A+,651,敵攻撃,敵攻撃_651,__ERAIshkQ/enemy attack/tentacle A__,
,,,敵攻撃_651a,__ERAIshkQ/enemy attack/tentacle A_soft__,
652:スライム:B,652,敵攻撃,敵攻撃_652,__ERAIshkQ/enemy attack/tentacle B__,
,,,敵攻撃_652a,__ERAIshkQ/enemy attack/tentacle B_soft__,
653:スライム:複合,653,敵攻撃,敵攻撃_653,,
,,,敵攻撃_653a,,
654:スライム:Reserved,654,敵攻撃,敵攻撃_654,,
,,,敵攻撃_654a,,
655:ブロブ:A+,655,敵攻撃,敵攻撃_655,__ERAIshkQ/enemy attack/tentacle A__,
,,,敵攻撃_655a,__ERAIshkQ/enemy attack/tentacle A_soft__,
656:ブロブ:B,656,敵攻撃,敵攻撃_656,__ERAIshkQ/enemy attack/tentacle B__,
,,,敵攻撃_656a,__ERAIshkQ/enemy attack/tentacle B_soft__,
657:ブロブ:複合,657,敵攻撃,敵攻撃_657,__ERAIshkQ/enemy attack/tentacle C__,
,,,敵攻撃_657a,__ERAIshkQ/enemy attack/tentacle C_soft__,
658:ブロブ:Reserved,658,敵攻撃,敵攻撃_658,,
,,,敵攻撃_658a,,
659:アルラウネ:C+,659,敵攻撃,敵攻撃_659,__ERAIshkQ/enemy attack/tentacle C__,
,,,敵攻撃_659a,__ERAIshkQ/enemy attack/tentacle C_soft__,
660:アルラウネ:V,660,敵攻撃,敵攻撃_660,__ERAIshkQ/enemy attack/tentacle V__,
,,,敵攻撃_660a,__ERAIshkQ/enemy attack/tentacle V_soft__,
661:アルラウネ:複合＋自慰誘発,661,敵攻撃,敵攻撃_661,__ERAIshkQ/enemy attack/tentacle C__,
,,,敵攻撃_661a,__ERAIshkQ/enemy attack/tentacle C_soft__,
662:アルラウネ:Reserved,662,敵攻撃,敵攻撃_662,,
,,,敵攻撃_662a,,
663:ドリアード、アルラウネ化:C+,663,敵攻撃,敵攻撃_663,__ERAIshkQ/enemy attack/tentacle C__,
,,,敵攻撃_663a,__ERAIshkQ/enemy attack/tentacle C_soft__,
664:ドリアード、アルラウネ化:V,664,敵攻撃,敵攻撃_664,__ERAIshkQ/enemy attack/tentacle V__,
,,,敵攻撃_664a,__ERAIshkQ/enemy attack/tentacle V_soft__,
665:ドリアード、アルラウネ化:複合＋自慰誘発,665,敵攻撃,敵攻撃_665,__ERAIshkQ/enemy attack/tentacle C__,
,,,敵攻撃_665a,__ERAIshkQ/enemy attack/tentacle C_soft__,
666:ドリアード:Reserved,666,敵攻撃,敵攻撃_666,,
,,,,,
667:シェイプシフター:A+,667,敵攻撃,敵攻撃_667,__ERAIshkQ/enemy attack/tentacle A__,
,,,敵攻撃_667a,__ERAIshkQ/enemy attack/tentacle A_soft__,
668:シェイプシフター:B,668,敵攻撃,敵攻撃_668,__ERAIshkQ/enemy attack/tentacle B__,
,,,敵攻撃_668a,__ERAIshkQ/enemy attack/tentacle B_soft__,
669:シェイプシフター:C,669,敵攻撃,敵攻撃_669,__ERAIshkQ/enemy attack/tentacle C__,
,,,敵攻撃_669a,__ERAIshkQ/enemy attack/tentacle C_soft__,
670:シェイプシフター:V,670,敵攻撃,敵攻撃_670,__ERAIshkQ/enemy attack/tentacle V__,
,,,敵攻撃_670a,__ERAIshkQ/enemy attack/tentacle V_soft__,
671:シェイプシフター:複合,671,敵攻撃,敵攻撃_671,,
,,,,,
672:シェイプシフター:Reserved,672,敵攻撃,敵攻撃_672,,
,,,,,
673:ドッペルゲンガー:A+,673,敵攻撃,敵攻撃_673,__ERAIshkQ/enemy attack/tentacle A__,
,,,敵攻撃_673a,__ERAIshkQ/enemy attack/tentacle A_soft__,
674:ドッペルゲンガー:B,674,敵攻撃,敵攻撃_674,__ERAIshkQ/enemy attack/tentacle B__,
,,,敵攻撃_674a,__ERAIshkQ/enemy attack/tentacle B_soft__,
675:ドッペルゲンガー、悪堕ちキャラ:C,675,敵攻撃,敵攻撃_675,__ERAIshkQ/enemy attack/tentacle C__,
,,,敵攻撃_675a,__ERAIshkQ/enemy attack/tentacle C_soft__,
676:ドッペルゲンガー:V,676,敵攻撃,敵攻撃_676,__ERAIshkQ/enemy attack/tentacle V__,
,,,敵攻撃_676a,__ERAIshkQ/enemy attack/tentacle V_soft__,
677:ドッペルゲンガー:三段複合,677,敵攻撃,敵攻撃_677,__ERAIshkQ/enemy attack/tentacle C__,
,,,敵攻撃_677a,__ERAIshkQ/enemy attack/tentacle C_soft__,
678:ドッペルゲンガー:Reserved,678,敵攻撃,敵攻撃_678,,
,,,,,
679:ヒュプノ:A,679,敵攻撃,敵攻撃_679,__ERAIshkQ/enemy attack/tentacle A__,
,,,敵攻撃_679a,__ERAIshkQ/enemy attack/tentacle A_soft__,
680:ヒュプノ:B+,680,敵攻撃,敵攻撃_680,__ERAIshkQ/enemy attack/tentacle B__,
,,,敵攻撃_680a,__ERAIshkQ/enemy attack/tentacle B_soft__,
681:ヒュプノ:C,681,敵攻撃,敵攻撃_681,__ERAIshkQ/enemy attack/tentacle C__,
,,,敵攻撃_681a,__ERAIshkQ/enemy attack/tentacle C_soft__,
682:ヒュプノ:V,682,敵攻撃,敵攻撃_682,__ERAIshkQ/enemy attack/tentacle V__,
,,,敵攻撃_682a,__ERAIshkQ/enemy attack/tentacle V_soft__,
683:ヒュプノ:ABCV肌M二段複合,683,敵攻撃,敵攻撃_683,__ERAIshkQ/enemy attack/tentacle AV__,
,,,敵攻撃_683a,__ERAIshkQ/enemy attack/tentacle AV_soft__,
684:フェアリーイーター:V吸収,684,敵攻撃,敵攻撃_684,__ERAIshkQ/enemy attack/tentacle V__,
,,,敵攻撃_684a,__ERAIshkQ/enemy attack/tentacle V_soft__,
685:フェアリーイーター:B吸収,685,敵攻撃,敵攻撃_685,__ERAIshkQ/enemy attack/tentacle B suck__,
,,,敵攻撃_685a,__ERAIshkQ/enemy attack/tentacle B suck_soft__,
687:ユニコーン:拘束時強性攻撃A,687,敵攻撃,敵攻撃_687,__ERAIshkQ/enemy attack/tentacle A__,
,,,敵攻撃_687a,__ERAIshkQ/enemy attack/tentacle A_soft__,
688:ユニコーン:拘束時強性攻撃V,688,敵攻撃,敵攻撃_688,__ERAIshkQ/enemy attack/tentacle V__,
,,,敵攻撃_688a,__ERAIshkQ/enemy attack/tentacle V_soft__,
689:ユニコーン:拘束時強性攻撃A+V,689,敵攻撃,敵攻撃_689,__ERAIshkQ/enemy attack/tentacle AV__,
,,,敵攻撃_689a,__ERAIshkQ/enemy attack/tentacle AV_soft__,
690:ヴォジャノーイ:A弱攻撃,690,敵攻撃,敵攻撃_690,__ERAIshkQ/enemy attack/tentacle A__,
,,,敵攻撃_690a,__ERAIshkQ/enemy attack/tentacle A_soft__,
691:ヴォジャノーイ:A連続攻撃,691,敵攻撃,敵攻撃_691,__ERAIshkQ/enemy attack/tentacle A__,
,,,敵攻撃_691a,__ERAIshkQ/enemy attack/tentacle A_soft__,
692:ヴォジャノーイ:A強攻撃,692,敵攻撃,敵攻撃_692,__ERAIshkQ/enemy attack/tentacle A__,
,,,敵攻撃_692a,__ERAIshkQ/enemy attack/tentacle A_soft__,
693:ナインテイルズ:A,693,敵攻撃,敵攻撃_693,__ERAIshkQ/enemy attack/tentacle A__,
,,,敵攻撃_693a,__ERAIshkQ/enemy attack/tentacle A_soft__,
694:ナインテイルズ:B吸収,694,敵攻撃,敵攻撃_694,__ERAIshkQ/enemy attack/tentacle B suck__,
,,,敵攻撃_694a,__ERAIshkQ/enemy attack/tentacle B suck_soft__,
695:ナインテイルズ:C,695,敵攻撃,敵攻撃_695,__ERAIshkQ/enemy attack/tentacle C__,
,,,敵攻撃_695a,__ERAIshkQ/enemy attack/tentacle C_soft__,
696:ナインテイルズ:複合,696,敵攻撃,敵攻撃_696,,
,,,敵攻撃_696a,,
697:ハウンド:強攻撃A,697,敵攻撃,敵攻撃_697,__ERAIshkQ/enemy attack/tentacle A__,
,,,敵攻撃_697a,__ERAIshkQ/enemy attack/tentacle A_soft__,
698:ハウンド:強攻撃V,698,敵攻撃,敵攻撃_698,__ERAIshkQ/enemy attack/tentacle V__,
,,,敵攻撃_698a,__ERAIshkQ/enemy attack/tentacle V_soft__,
699:ハウンド:強攻撃A+V,699,敵攻撃,敵攻撃_699,__ERAIshkQ/enemy attack/tentacle AV__,
,,,敵攻撃_699a,__ERAIshkQ/enemy attack/tentacle AV_soft__,
700:男傀儡、悪堕ちキャラ:強攻撃A,700,敵攻撃,敵攻撃_700,__ERAIshkQ/enemy attack/tentacle A__,
,,,敵攻撃_700a,__ERAIshkQ/enemy attack/tentacle A_soft__,
701:男傀儡、悪堕ちキャラ:強攻撃BA,701,敵攻撃,敵攻撃_701,__ERAIshkQ/enemy attack/tentacle A__,
,,,敵攻撃_701a,__ERAIshkQ/enemy attack/tentacle A_soft__,
702:男傀儡、悪堕ちキャラ:強攻撃CA,702,敵攻撃,敵攻撃_702,__ERAIshkQ/enemy attack/tentacle A__,
,,,敵攻撃_702a,__ERAIshkQ/enemy attack/tentacle A_soft__,
703:男傀儡、悪堕ちキャラ:強攻撃V,703,敵攻撃,敵攻撃_703,__ERAIshkQ/enemy attack/tentacle V__,
,,,敵攻撃_703a,__ERAIshkQ/enemy attack/tentacle V_soft__,
704:男傀儡、悪堕ちキャラ:強攻撃BV,704,敵攻撃,敵攻撃_704,__ERAIshkQ/enemy attack/tentacle V__,
,,,敵攻撃_704a,__ERAIshkQ/enemy attack/tentacle V_soft__,
705:男傀儡、悪堕ちキャラ:強攻撃CV,705,敵攻撃,敵攻撃_705,__ERAIshkQ/enemy attack/tentacle V__,
,,,敵攻撃_705a,__ERAIshkQ/enemy attack/tentacle V_soft__,
706:ジェリーフィッシュ:強攻撃CB吸収つき,706,敵攻撃,敵攻撃_706,__ERAIshkQ/enemy attack/tentacle B__,
,,,敵攻撃_706a,__ERAIshkQ/enemy attack/tentacle B_soft__,
707:ジェリーフィッシュ:強攻撃VA吸収つき,707,敵攻撃,敵攻撃_707,__ERAIshkQ/enemy attack/tentacle V__,
,,,敵攻撃_707a,__ERAIshkQ/enemy attack/tentacle V_soft__,
708:フレッシュゴーレム:強Ａ,708,敵攻撃,敵攻撃_708,__ERAIshkQ/enemy attack/tentacle A__,
,,,敵攻撃_708a,__ERAIshkQ/enemy attack/tentacle A_soft__,
709:フレッシュゴーレム:強V,709,敵攻撃,敵攻撃_709,__ERAIshkQ/enemy attack/tentacle V__,
,,,敵攻撃_709a,__ERAIshkQ/enemy attack/tentacle V_soft__,
710:フレッシュゴーレム:ABCV複合,710,敵攻撃,敵攻撃_710,__ERAIshkQ/enemy attack/tentacle AV__,
,,,敵攻撃_710a,__ERAIshkQ/enemy attack/tentacle AV_soft__,
711:アグー:A,711,敵攻撃,敵攻撃_711,__ERAIshkQ/enemy attack/tentacle A__,
,,,敵攻撃_711a,__ERAIshkQ/enemy attack/tentacle A_soft__,
712:アグー:V,712,敵攻撃,敵攻撃_712,__ERAIshkQ/enemy attack/tentacle V__,
,,,敵攻撃_712a,__ERAIshkQ/enemy attack/tentacle V_soft__,
713:アグー:V+A,713,敵攻撃,敵攻撃_713,__ERAIshkQ/enemy attack/tentacle AV__,
,,,敵攻撃_713a,__ERAIshkQ/enemy attack/tentacle AV_soft__,
714:Cワンプ、Cアナコンダ:Ｃ強性攻撃:特殊効果714:NP追加（多）＆低確率で発情（Lv1のみ）,714,敵攻撃,敵攻撃_714,__ERAIshkQ/enemy attack/tentacle C__,
,,,敵攻撃_714a,__ERAIshkQ/enemy attack/tentacle C_soft__,
715:Cワンプ、Cアナコンダ:Ｃ強性攻撃:特殊効果715:NP吸引:吸引量に応じて回復・戦闘素質微減,715,敵攻撃,敵攻撃_715,__ERAIshkQ/enemy attack/tentacle C__,
,,,敵攻撃_715a,__ERAIshkQ/enemy attack/tentacle C_soft__,
716:Cワンプ、Cアナコンダ:Ｂ強性攻撃:特殊効果163,716,敵攻撃,敵攻撃_716,__ERAIshkQ/enemy attack/tentacle B__,
,,,敵攻撃_716a,__ERAIshkQ/enemy attack/tentacle B_soft__,
717:Cワンプ、Cアナコンダ:ＶＡ複合強性攻撃:特殊効果163,717,敵攻撃,敵攻撃_717,__ERAIshkQ/enemy attack/tentacle AV__,
,,,敵攻撃_717a,__ERAIshkQ/enemy attack/tentacle AV_soft__,
718:ホフゴブリン:強性攻撃RAND:Bで乳姦分岐あり(巨乳、拡張++以上),718,敵攻撃,敵攻撃_718,__ERAIshkQ/enemy attack/tentacle C__,
,,,敵攻撃_718a,__ERAIshkQ/enemy attack/tentacle C_soft__,
719:ホフゴブリン:強性攻撃V+:ACBのどれか:Bで乳姦分岐あり(巨乳、拡張++以上),719,敵攻撃,敵攻撃_719,__ERAIshkQ/enemy attack/tentacle V__,
,,,敵攻撃_719a,__ERAIshkQ/enemy attack/tentacle V_soft__,
720:ホフゴブリン:強性全部位複合:妊娠効果つき:乳姦分岐あり(巨乳、拡張++以上、乳姦経験複数回＋),720,敵攻撃,敵攻撃_720,__ERAIshkQ/enemy attack/tentacle V__,
,,,敵攻撃_720a,__ERAIshkQ/enemy attack/tentacle V_soft__,
721:YMあなた:強V+B+C,721,敵攻撃,敵攻撃_721,__ERAIshkQ/enemy attack/tentacle V__,
,,,敵攻撃_721a,__ERAIshkQ/enemy attack/tentacle V_soft__,
722:YMあなた:強A+B,722,敵攻撃,敵攻撃_722,__ERAIshkQ/enemy attack/tentacle A__,
,,,敵攻撃_722a,__ERAIshkQ/enemy attack/tentacle A_soft__,
,,敵攻撃,敵攻撃_,,
,,,敵攻撃_a,,
731:サキュバス、悪堕ちキャラ:C:ふたなり時威力激増,731,敵攻撃,敵攻撃_731,__ERAIshkQ/enemy attack/tentacle C__,
,,,敵攻撃_731a,__ERAIshkQ/enemy attack/tentacle C_soft__,
732:クリスタルエレメント:強肌（MPダメージ特大）,732,敵攻撃,敵攻撃_732,__ERAIshkQ/enemy attack/tentacle C__,
,,,敵攻撃_732a,__ERAIshkQ/enemy attack/tentacle C_soft__,
733:クリスタルエレメント:強性RAND,733,敵攻撃,敵攻撃_733,__ERAIshkQ/enemy attack/tentacle C__,
,,,敵攻撃_733a,__ERAIshkQ/enemy attack/tentacle C_soft__,
734:クリスタルエレメント:強VB複合,734,敵攻撃,敵攻撃_734,__ERAIshkQ/enemy attack/tentacle V__,
,,,敵攻撃_734a,__ERAIshkQ/enemy attack/tentacle V_soft__,
735:テンタクルウォール:A,735,敵攻撃,敵攻撃_735,__ERAIshkQ/enemy attack/tentacle A__,
,,,敵攻撃_735a,__ERAIshkQ/enemy attack/tentacle A_soft__,
736:テンタクルウォール:V,736,敵攻撃,敵攻撃_736,__ERAIshkQ/enemy attack/tentacle V__,
,,,敵攻撃_736a,__ERAIshkQ/enemy attack/tentacle V_soft__,
737:テンタクルウォール:V+A,737,敵攻撃,敵攻撃_737,__ERAIshkQ/enemy attack/tentacle AV__,
,,,敵攻撃_737a,__ERAIshkQ/enemy attack/tentacle AV_soft__,
738:タングルフット:A,738,敵攻撃,敵攻撃_738,__ERAIshkQ/enemy attack/tentacle A__,
,,,敵攻撃_738a,__ERAIshkQ/enemy attack/tentacle A_soft__,
739:タングルフット:V,739,敵攻撃,敵攻撃_739,__ERAIshkQ/enemy attack/tentacle V__,
,,,敵攻撃_739a,__ERAIshkQ/enemy attack/tentacle V_soft__,
740:タングルフット:V+A,740,敵攻撃,敵攻撃_740,__ERAIshkQ/enemy attack/tentacle AV__,
,,,敵攻撃_740a,__ERAIshkQ/enemy attack/tentacle AV_soft__,
741:メカテンタクルス:処女を奪わないｖ攻撃,741,敵攻撃,敵攻撃_741,__ERAIshkQ/enemy attack/tentacle C__,
,,,敵攻撃_741a,__ERAIshkQ/enemy attack/tentacle C_soft__,
742:メカテンタクルス:便意のON:OFFで内容の変わるA攻撃,742,敵攻撃,敵攻撃_742,__ERAIshkQ/enemy attack/tentacle A__,
,,,敵攻撃_742a,__ERAIshkQ/enemy attack/tentacle A_soft__,
743:メカテンタクルス:母乳吸引,743,敵攻撃,敵攻撃_743,__ERAIshkQ/enemy attack/tentacle B__,
,,,敵攻撃_743a,__ERAIshkQ/enemy attack/tentacle B_soft__,
744:メカテンタクルス:クリトリスorペニス吸引,744,敵攻撃,敵攻撃_744,__ERAIshkQ/enemy attack/tentacle C__,
,,,敵攻撃_744a,__ERAIshkQ/enemy attack/tentacle C_soft__,
745:メカテンタクルス:尿意パッチONのときのみ使う、吸引C攻撃,745,敵攻撃,敵攻撃_745,__ERAIshkQ/enemy attack/tentacle C__,
,,,敵攻撃_745a,__ERAIshkQ/enemy attack/tentacle C_soft__,
746:触手姫:A+,746,敵攻撃,敵攻撃_746,__ERAIshkQ/enemy attack/tentacle A__,
,,,敵攻撃_746a,__ERAIshkQ/enemy attack/tentacle A_soft__,
747:触手姫:B,747,敵攻撃,敵攻撃_747,__ERAIshkQ/enemy attack/tentacle B__,
,,,敵攻撃_747a,__ERAIshkQ/enemy attack/tentacle B_soft__,
748:触手姫:V,748,敵攻撃,敵攻撃_748,__ERAIshkQ/enemy attack/tentacle V__,
,,,敵攻撃_748a,__ERAIshkQ/enemy attack/tentacle V_soft__,
749:触手姫:三段複合,749,敵攻撃,敵攻撃_749,__ERAIshkQ/enemy attack/tentacle AV__,
,,,敵攻撃_749a,__ERAIshkQ/enemy attack/tentacle AV_soft__,
750:スライム化:A+,750,敵攻撃,敵攻撃_750,__ERAIshkQ/enemy attack/tentacle A__,
,,,敵攻撃_750a,__ERAIshkQ/enemy attack/tentacle A_soft__,
751:スライム化:B,751,敵攻撃,敵攻撃_751,__ERAIshkQ/enemy attack/tentacle B__,
,,,敵攻撃_751a,__ERAIshkQ/enemy attack/tentacle B_soft__,
752:スライム化:複合,752,敵攻撃,敵攻撃_752,__ERAIshkQ/enemy attack/tentacle C__,
,,,敵攻撃_752a,__ERAIshkQ/enemy attack/tentacle C_soft__,
753:スライム化:C:ふたなり時威力激増、ふたなりフラグオフ時使用しない,753,敵攻撃,敵攻撃_753,__ERAIshkQ/enemy attack/tentacle C__,
,,,敵攻撃_753a,__ERAIshkQ/enemy attack/tentacle C_soft__,
754:ラミア化:VA,754,敵攻撃,敵攻撃_754,__ERAIshkQ/enemy attack/tentacle AV__,
,,,敵攻撃_754a,__ERAIshkQ/enemy attack/tentacle AV_soft__,
755:ラミア化:B:拡張+以上専用　追加でB産卵,755,敵攻撃,敵攻撃_755,__ERAIshkQ/enemy attack/tentacle B__,
,,,敵攻撃_755a,__ERAIshkQ/enemy attack/tentacle B_soft__,
756:ファンガス:B吸収,756,敵攻撃,敵攻撃_756,__ERAIshkQ/enemy attack/tentacle B suck__,
,,,敵攻撃_756a,__ERAIshkQ/enemy attack/tentacle B suck_soft__,
757:ファンガス:C吸収,757,敵攻撃,敵攻撃_757,__ERAIshkQ/enemy attack/tentacle C__,
,,,敵攻撃_757a,__ERAIshkQ/enemy attack/tentacle C_soft__,
758:ヴォッキ、フルヴォッキ:M性ダメージ、拘束レベル最大だと全部位性ダメージ＆妊娠,758,敵攻撃,敵攻撃_758,__ERAIshkQ/enemy attack/tentacle C__,
,,,敵攻撃_758a,__ERAIshkQ/enemy attack/tentacle C_soft__,
759:フルヴォッキ:拘束レベル最大でのみ使用、全部位特大性ダメージ＋コンフィグで許可される全穴寄生＋妊娠＋媚薬爆弾,759,敵攻撃,敵攻撃_759,__ERAIshkQ/enemy attack/tentacle C__,
,,,敵攻撃_759a,__ERAIshkQ/enemy attack/tentacle C_soft__,
,,敵攻撃,敵攻撃_,,
,,,,,
763:ネコマタ:A,763,敵攻撃,敵攻撃_763,__ERAIshkQ/enemy attack/tentacle A__,
,,,敵攻撃_763a,__ERAIshkQ/enemy attack/tentacle A_soft__,
764:ネコマタ:C,764,敵攻撃,敵攻撃_764,__ERAIshkQ/enemy attack/tentacle C__,
,,,敵攻撃_764a,__ERAIshkQ/enemy attack/tentacle C_soft__,
765:ネコマタ:AC,765,敵攻撃,敵攻撃_765,__ERAIshkQ/enemy attack/tentacle A__,
,,,敵攻撃_765a,__ERAIshkQ/enemy attack/tentacle A_soft__,
766:スコールバイン:B+:バストサイズ肥大化またはB感度増大,766,敵攻撃,敵攻撃_766,__ERAIshkQ/enemy attack/tentacle B__,
,,,敵攻撃_766a,__ERAIshkQ/enemy attack/tentacle B_soft__,
767:パツィルーイ:M:追加攻撃あり,767,敵攻撃,敵攻撃_767,,
,,,敵攻撃_767a,,
768:パツィルーイ:M催眠,768,敵攻撃,敵攻撃_768,,
,,,敵攻撃_768a,,
769:パツィルーイ:Mフラート,769,敵攻撃,敵攻撃_769,,
,,,敵攻撃_769a,,
770:パツィルーイ:M:フラート時専用高火力,770,敵攻撃,敵攻撃_770,,
,,,敵攻撃_770a,,
●800～:寄生攻撃,●800～,敵攻撃,敵攻撃_●800～,,
,,敵攻撃,敵攻撃_,,
800:テスト敵用,800,敵攻撃,敵攻撃_800,,
801:クイーン本体:特殊寄生:※特殊：敵の種類が本人以外:以下同様,801,敵攻撃,敵攻撃_801,,
802:クイーン本体:特殊妊娠,802,敵攻撃,敵攻撃_802,,
803:クイーン本体:Reserved,803,敵攻撃,敵攻撃_803,,
804:クイーンお供:特殊寄生,804,敵攻撃,敵攻撃_804,,
805:クイーンお供:Reserved,805,敵攻撃,敵攻撃_805,,
806:ガーディアン:特殊寄生,806,敵攻撃,敵攻撃_806,,
807:ガーディアン:特殊寄生:高威力低寄生率,807,敵攻撃,敵攻撃_807,,
808:ガーディアン:Reserved,808,敵攻撃,敵攻撃_808,,
809:バイオプラント:特殊寄生,809,敵攻撃,敵攻撃_809,,
810:バイオプラント:Reserved,810,敵攻撃,敵攻撃_810,,
811:リビングバイン:寄生,811,敵攻撃,敵攻撃_811,,
812:リビングバイン:Reserved,812,敵攻撃,敵攻撃_812,,
813:スカーレットバイン:寄生,813,敵攻撃,敵攻撃_813,,
814:スカーレットバイン:Reserved,814,敵攻撃,敵攻撃_814,,
815:ワーム:寄生,815,敵攻撃,敵攻撃_815,,
816:ワーム:Reserved,816,敵攻撃,敵攻撃_816,,
817:サンドワーム:寄生,817,敵攻撃,敵攻撃_817,,
818:サンドワーム:Reserved,818,敵攻撃,敵攻撃_818,,
819:オクトパス:妊娠,819,敵攻撃,敵攻撃_819,,
820:オクトパス:Reserved,820,敵攻撃,敵攻撃_820,,
821:クラーケン:妊娠,821,敵攻撃,敵攻撃_821,,
822:クラーケン:Reserved,822,敵攻撃,敵攻撃_822,,
823:イソツビ:妊娠,823,敵攻撃,敵攻撃_823,,
824:イソツビ:妊娠:低威力大量射精,824,敵攻撃,敵攻撃_824,,
825:アクティニア:妊娠,825,敵攻撃,敵攻撃_825,,
826:アクティニア:妊娠:低威力大量射精,826,敵攻撃,敵攻撃_826,,
827:スライム:寄生,827,敵攻撃,敵攻撃_827,,
828:スライム:寄生:高威力低寄生率,828,敵攻撃,敵攻撃_828,,
829:ブロブ:寄生,829,敵攻撃,敵攻撃_829,,
830:ブロブ:寄生:高威力低寄生率,830,敵攻撃,敵攻撃_830,,
831:アルラウネ:妊娠,831,敵攻撃,敵攻撃_831,,
832:アルラウネ:二段妊娠,832,敵攻撃,敵攻撃_832,,
833:ドリアード:妊娠,833,敵攻撃,敵攻撃_833,,
834:ドリアード:三段妊娠,834,敵攻撃,敵攻撃_834,,
835:シェイプシフター:特殊妊娠,835,敵攻撃,敵攻撃_835,,
836:シェイプシフター:Reserved,836,敵攻撃,敵攻撃_836,,
837:ドッペルゲンガー、悪堕ちキャラ:特殊妊娠,837,敵攻撃,敵攻撃_837,,
838:ドッペルゲンガー、悪堕ちキャラ、ラミア化:特殊妊娠:低威力大量射精,838,敵攻撃,敵攻撃_838,,
839:ドッペルゲンガー:Reserved,839,敵攻撃,敵攻撃_839,,
840:ヒュプノ:特殊寄生:高威力低寄生率,840,敵攻撃,敵攻撃_840,,
841:フェアリーイーター:寄生攻撃,841,敵攻撃,敵攻撃_841,,
842:コウノトリ:妊娠,842,敵攻撃,敵攻撃_842,,
843:コウノトリ:妊娠:低威力大量射精,843,敵攻撃,敵攻撃_843,,
844:コウノトリ:妊娠:高威力超大量射精,844,敵攻撃,敵攻撃_844,,
845:コウノトリ:低威力二段妊娠,845,敵攻撃,敵攻撃_845,,
846:コウノトリ:高威力三段妊娠,846,敵攻撃,敵攻撃_846,,
847:コウノトリ:高威力十段妊娠,847,敵攻撃,敵攻撃_847,,
848:フコウノトリ:寄生,848,敵攻撃,敵攻撃_848,,
849:フコウノトリ:寄生:高威力高寄生率,849,敵攻撃,敵攻撃_849,,
850:フコウノトリ:寄生:超高威力寄生率100%,850,敵攻撃,敵攻撃_850,,
851:フコウノトリ:妊娠:オーバーキル(笑)大量射精,851,敵攻撃,敵攻撃_851,,
852:ユニコーン:寄生攻撃,852,敵攻撃,敵攻撃_852,,
853:ナインテイルズ:妊娠(1/2の確率でセルフ妊娠、ただしメッセージのみ),853,敵攻撃,敵攻撃_853,,
854:ハウンド:寄生攻撃,854,敵攻撃,敵攻撃_854,,
855:男傀儡:妊娠,855,敵攻撃,敵攻撃_855,,
856:男傀儡:高威力三段妊娠,856,敵攻撃,敵攻撃_856,,
857:ジェリーフィッシュ:寄生攻撃,857,敵攻撃,敵攻撃_857,,
858:フレッシュゴーレム:妊娠,858,敵攻撃,敵攻撃_858,,
859:アグー妊娠:高威力三段,859,敵攻撃,敵攻撃_859,,
860:ホフゴブリン:低威力三連妊娠,860,敵攻撃,敵攻撃_860,,
861:YMあなた:妊娠,861,敵攻撃,敵攻撃_861,,
862:クリスタルエレメント:妊娠,862,敵攻撃,敵攻撃_862,,
863:テンタクルウォール、タングルフット、ファンガス:寄生,863,敵攻撃,敵攻撃_863,,
864:メカテンタクルス:処女膜を奪わないランダム妊娠攻撃,864,敵攻撃,敵攻撃_864,,
865:触手姫:特殊寄生,865,敵攻撃,敵攻撃_865,,
866:アルラウネ化:特殊妊娠,866,敵攻撃,敵攻撃_866,,
867:アルラウネ化:三段特殊妊娠,867,敵攻撃,敵攻撃_867,,
868:スライム化:特殊寄生,868,敵攻撃,敵攻撃_868,,
869:スライム化:特殊寄生:高威力低寄生率,869,敵攻撃,敵攻撃_869,,
870:ネコマタ:妊娠,870,敵攻撃,敵攻撃_870,,
,,敵攻撃,敵攻撃_,,
●950～:まとめの人利用部分（勝手に追加分）,●950～,敵攻撃,敵攻撃_●950～,,
950:イソツビ等:汚染攻撃,950,敵攻撃,敵攻撃_950,,
951:イソツビ等:汚染攻撃,951,敵攻撃,敵攻撃_951,,
952:イソツビ等:汚染攻撃,952,敵攻撃,敵攻撃_952,,
953:イソツビ等:汚染攻撃,953,敵攻撃,敵攻撃_953,,
954:ヒュプノ:寄生攻撃+乳腺開発,954,敵攻撃,敵攻撃_954,,
955:ファンガス:汚染攻撃強,955,敵攻撃,敵攻撃_955,,
956:サンドバタフライ、ショゴスセル:B+M攻撃,956,敵攻撃,敵攻撃_956,,
957:サンドバタフライ:乳腺開発:母乳粘度増加あり,957,敵攻撃,敵攻撃_957,,
958:サンドバタフライ:V攻撃,958,敵攻撃,敵攻撃_958,,
959:サンドバタフライ:寄生攻撃,959,敵攻撃,敵攻撃_959,,
960:サンドバタフライ:妊娠攻撃,960,敵攻撃,敵攻撃_960,,
961:ワイヤーゴースト:ランダム性攻撃強+自慰誘発（コマンド20）,961,敵攻撃,敵攻撃_961,,
962:ワイヤーゴースト:全体ランダム性攻撃:C寄生あり,962,敵攻撃,敵攻撃_962,,
963:ワイヤーゴースト:拘束攻撃,963,敵攻撃,敵攻撃_963,,
964:ワイヤーゴースト:ランダム性攻撃強,964,敵攻撃,敵攻撃_964,,
965:ショゴスセル:引き寄せ,965,敵攻撃,敵攻撃_965,,
966:ショゴスセル:B攻撃,966,敵攻撃,敵攻撃_966,,
967:ショゴスセル:ランダム性攻撃強,967,敵攻撃,敵攻撃_967,,
968:ショゴスセル:フラート,968,敵攻撃,敵攻撃_968,,
969:ショゴスセル:拘束,969,敵攻撃,敵攻撃_969,,
,,敵攻撃,敵攻撃_,,
971:サンダーラプター:A攻撃,971,敵攻撃,敵攻撃_971,,
972:サンダーラプター:B攻撃,972,敵攻撃,敵攻撃_972,,
973:サンダーラプター:C攻撃,973,敵攻撃,敵攻撃_973,,
974:サンダーラプター:通常+B攻撃,974,敵攻撃,敵攻撃_974,,
975:サンダーラプター:通常+C攻撃,975,敵攻撃,敵攻撃_975,,
976:レイニーバイン:全体通常+B攻撃,976,敵攻撃,敵攻撃_976,,
977:スコールバイン:全体拘束,977,敵攻撃,敵攻撃_977,,
978:女性触手:キス弱,978,敵攻撃,敵攻撃_978,,
979:女性触手、悪堕ちキャラ:キス強,979,敵攻撃,敵攻撃_979,,
980:女性触手:発情キス,980,敵攻撃,敵攻撃_980,,
981:女性触手:吸収キス,981,敵攻撃,敵攻撃_981,,
982:植物orローパー:M攻撃,982,敵攻撃,敵攻撃_982,,
983:植物orローパー:M攻撃中,983,敵攻撃,敵攻撃_983,,
984:植物orローパー:M攻撃強,984,敵攻撃,敵攻撃_984,,
985:汎用:口攻め,985,敵攻撃,敵攻撃_985,,
986:汎用:強制胸合わせキス,986,敵攻撃,敵攻撃_986,,
987:汎用:強制貝合わせ,987,敵攻撃,敵攻撃_987,,
988:汎用:3P（全部位属性）,988,敵攻撃,敵攻撃_988,,
989:汎用:催眠百合らせ（全部位属性）,989,敵攻撃,敵攻撃_989,,
990:汎用:足舐め,990,敵攻撃,敵攻撃_990,,
991:汎用:手指舐め,991,敵攻撃,敵攻撃_991,,
992:汎用:首舐め,992,敵攻撃,敵攻撃_992,,
993:汎用:耳舐め,993,敵攻撃,敵攻撃_993,,
994:汎用:耳裏舐め,994,敵攻撃,敵攻撃_994,,
995:汎用:へそ舐め,995,敵攻撃,敵攻撃_995,,
996:丸呑み:足攻め,996,敵攻撃,敵攻撃_996,,
997:丸呑み:足+背中,997,敵攻撃,敵攻撃_997,,
998:汎用:鎖骨,998,敵攻撃,敵攻撃_998,,
999:ダークアイ、バイオプラント:口辱,999,敵攻撃,敵攻撃_999,,
1000:産卵汎用:A寄生,1000,敵攻撃,敵攻撃_1000,,
1001:女性系:A寄生,1001,敵攻撃,敵攻撃_1001,,
1002:植物系:A寄生,1002,敵攻撃,敵攻撃_1002,,
1003:サンダーラプター・セイレーン・ラミア、ラミア化:A寄生,1003,敵攻撃,敵攻撃_1003,,
1004:ホワイトスライム:妊娠+出産促進,1004,敵攻撃,敵攻撃_1004,,
1005:汎用:相互挿入性V,1005,敵攻撃,敵攻撃_1005,,
1006:汎用:相互挿入妊娠V,1006,敵攻撃,敵攻撃_1006,,
1007:汎用:相互挿入性A,1007,敵攻撃,敵攻撃_1007,,
1008:汎用:相互挿入寄生A,1008,敵攻撃,敵攻撃_1008,,
1009:汎用:相互挿入寄生V,1009,敵攻撃,敵攻撃_1009,,
1010:植物系:C寄生,1010,敵攻撃,敵攻撃_1010,,
1011:海産系:C寄生,1011,敵攻撃,敵攻撃_1011,,
1012:汎用:C寄生,1012,敵攻撃,敵攻撃_1012,,
1013:女性触手汎用:A背中甘え,1013,敵攻撃,敵攻撃_1013,,
1014:女性触手汎用:V背中甘え,1014,敵攻撃,敵攻撃_1014,,
1015:女性触手汎用:AV背中甘え,1015,敵攻撃,敵攻撃_1015,,
1016:人型触手汎用:触手責フェラ　ふたなりONで変化,1016,敵攻撃,敵攻撃_1016,,
1017:人型触手汎用:イマラチオ,1017,敵攻撃,敵攻撃_1017,,
1018:尻尾こき（C責）,1018,敵攻撃,敵攻撃_1018,,
1019:貝合わせ（ふたなりなら騎乗位）,1019,敵攻撃,敵攻撃_1019,,
1020:膣内放尿（コンフィグOFFなら大量射精）,1020,敵攻撃,敵攻撃_1020,,
1021:悪堕ちキャラ:尻尾こき,1021,敵攻撃,敵攻撃_1021,,
1022:悪堕ちキャラ:ヴァンパイアキス,1022,敵攻撃,敵攻撃_1022,,
1023:触手汎用::C責め:::コンフィグ次第で尿道責めorC妊娠に派生,1023,敵攻撃,敵攻撃_1023,,
1024:女性触手汎用:C責め:::コンフィグ次第で尿道責めorC妊娠に派生,1024,敵攻撃,敵攻撃_1024,,
1025:海産汎用::C責め:::コンフィグ次第で尿道責めorC妊娠に派生,1025,敵攻撃,敵攻撃_1025,,
1026:スライム汎用:C責め:::コンフィグ次第で尿道責めorC妊娠に派生,1026,敵攻撃,敵攻撃_1026,,
1027:アルケニー::肌責め,1027,敵攻撃,敵攻撃_1027,,
1028:アルケニー::ドレインキス,1028,敵攻撃,敵攻撃_1028,,
1029:触手汎用::脳姦フェイタル,1029,敵攻撃,敵攻撃_1029,,
1030:触手汎用::AV責めボコォ,1030,敵攻撃,敵攻撃_1030,,
1031:フール:::拘束,1031,敵攻撃,敵攻撃_1031,,
1032:触手汎用::V責めボコォ,1032,敵攻撃,敵攻撃_1032,,
1033,1033,敵攻撃,敵攻撃_1033,,
1034,1034,敵攻撃,敵攻撃_1034,,
1035,1035,敵攻撃,敵攻撃_1035,,
1036,1036,敵攻撃,敵攻撃_1036,,
1037:サッカー::発情液,1037,敵攻撃,敵攻撃_1037,,
1038:サッカー::脳姦フェイタル,1038,敵攻撃,敵攻撃_1038,,
1039:サッカー::A寄生,1039,敵攻撃,敵攻撃_1039,,
1040:サッカー::ドレインキス,1040,敵攻撃,敵攻撃_1040,,
1041:サッカー::V吸収,1041,敵攻撃,敵攻撃_1041,,
1042:女性汎用::男性向けA、フィルター限定,1042,敵攻撃,敵攻撃_1042,,
1043:触手汎用::男性向けA、フィルター限定,1043,敵攻撃,敵攻撃_1043,,
1044:触手汎用::男性向けA、フィルター限定,1044,敵攻撃,敵攻撃_1044,,
1045:触手汎用::男性向けA、フィルター限定,1045,敵攻撃,敵攻撃_1045,,
1046:触手汎用::男性向けA、フィルター限定,1046,敵攻撃,敵攻撃_1046,,
1047:触手汎用::男性向けA、フィルター限定,1047,敵攻撃,敵攻撃_1047,,
1048:スライム汎用:男性向けA、フィルター限定,1048,敵攻撃,敵攻撃_1048,,
1049:スライム汎用:男性向けA、フィルター限定,1049,敵攻撃,敵攻撃_1049,,
1050:スライム汎用:男性向けA、フィルター限定,1050,敵攻撃,敵攻撃_1050,,
1051:傀儡化,1051,敵攻撃,敵攻撃_1051,,
1052:スライム汎用:四肢喪失,1052,敵攻撃,敵攻撃_1052,,
1053:噛みつき::四肢喪失,1053,敵攻撃,敵攻撃_1053,,
1054:つつき:::部位喪失,1054,敵攻撃,敵攻撃_1054,,
1055:えぐり:::部位喪失,1055,敵攻撃,敵攻撃_1055,,
1056:とかし:::部位喪失,1056,敵攻撃,敵攻撃_1056,,
1057:脳クチュ::敵パワーアップ,1057,敵攻撃,敵攻撃_1057,,
1058:脳クチュ::戦闘素質低下,1058,敵攻撃,敵攻撃_1058,,
,,敵攻撃,敵攻撃_,,
,,敵攻撃,敵攻撃_,,
1080:漏出状態,1080,敵攻撃,敵攻撃_1080,,
,,敵攻撃,敵攻撃_,,
,,敵攻撃,敵攻撃_,,
1201:汎用触手系:ニプルファック,1201,敵攻撃,敵攻撃_1201,,
1202:汎用触手系:寄生攻撃B:拡張+以上,1202,敵攻撃,敵攻撃_1202,,
1203:タコ・イカ系:ニプルファック,1203,敵攻撃,敵攻撃_1203,,
1204:タコ・イカ系:寄生攻撃B:拡張+以上,1204,敵攻撃,敵攻撃_1204,,
1205:ツタ植物系:ニプルファック,1205,敵攻撃,敵攻撃_1205,,
1206:ツタ植物系:寄生攻撃B:拡張+以上,1206,敵攻撃,敵攻撃_1206,,
1207:スライム系:ニプルファック,1207,敵攻撃,敵攻撃_1207,,
1208:スライム系:寄生攻撃B:拡張+以上,1208,敵攻撃,敵攻撃_1208,,
1209:人型ペニス系:ニプルファック:巨乳以上、拡張++以上,1209,敵攻撃,敵攻撃_1209,,
,,敵攻撃,敵攻撃_,,
●1300～,●1300～,敵攻撃,敵攻撃_●1300～,,
1300:糸::メッセージ17，27　命中、回避,1300,敵攻撃,敵攻撃_1300,,
1301:暗闇::メッセージ17，27　命中、回避,1301,敵攻撃,敵攻撃_1301,,
1302:トラウマ::メッセージ17，27　命中、回避,1302,敵攻撃,敵攻撃_1302,,
1303:吹雪::メッセージ17，27　命中、回避,1303,敵攻撃,敵攻撃_1303,,
1304:まぶしい光::メッセージ17，27　命中、回避,1304,敵攻撃,敵攻撃_1304,,
1305:狂気の瞳::メッセージ17，27　命中、回避,1305,敵攻撃,敵攻撃_1305,,
1306:ひるみ::メッセージ17，27　命中、回避,1306,敵攻撃,敵攻撃_1306,,
1307:最大ＥＰダウン::メッセージ17，27　命中、回避:鎮静剤あたりに最大ＥＰ回復をつけないとひどいことに。,1307,敵攻撃,敵攻撃_1307,,
1308:援軍::メッセージ17，27　命中、回避,1308,敵攻撃,敵攻撃_1308,,
1309:戦闘経験ダウン::メッセージ17，27　命中、回避:経験値に応じたレベルダウン処理もつけないと意味なし,1309,敵攻撃,敵攻撃_1309,,
1310:眠気追加::メッセージ17，27　命中、回避:睡眠のデメリットがうすい無印ではただの回復効果になります。,1310,敵攻撃,敵攻撃_1310,,
1311:悲鳴::メッセージ17，27　命中、回避:怯み効果,1311,敵攻撃,敵攻撃_1311,,
1312:幻覚::メッセージ17，27　命中、回避,1312,敵攻撃,敵攻撃_1312,,
,,敵攻撃,敵攻撃_,,
1314:ローパー:性ダメージ増加,1314,敵攻撃,敵攻撃_1314,,
1315:ローパー:性ダメージ増加,1315,敵攻撃,敵攻撃_1315,,
1317:ダブルイール:ウナギの衰弱毒,1317,敵攻撃,敵攻撃_1317,,
1318:汎用:射精ＥＰだめーじ,1318,敵攻撃,敵攻撃_1318,,
,,敵攻撃,敵攻撃_,,
●1867～,●1867～,敵攻撃,敵攻撃_●1867～,,
1867:プロトクリーナー:通常攻撃,1867,敵攻撃,敵攻撃_1867,,
1868:プロトクリーナー:性攻撃,1868,敵攻撃,敵攻撃_1868,,
1869:プロトクリーナー:衣服攻撃,1869,敵攻撃,敵攻撃_1869,,
1870:プロトクリーナー:BV性攻撃,1870,敵攻撃,敵攻撃_1870,,
1871:プロトクリーナー:拘束攻撃,1871,敵攻撃,敵攻撃_1871,,
1872:プロトクリーナー:BCV性攻撃,1872,敵攻撃,敵攻撃_1872,,
1873:根触手Ｂ吸収:強,1873,敵攻撃,敵攻撃_1873,,
1874:根触手Ｂ吸収,1874,敵攻撃,敵攻撃_1874,,
1875:口、脚Ｖ:せめ,1875,敵攻撃,敵攻撃_1875,,
1876:鱗粉:衣服攻撃,1876,敵攻撃,敵攻撃_1876,,
1877:人型汎用:通常攻撃,1877,敵攻撃,敵攻撃_1877,,
1878:ミミック:口VC＋,1878,敵攻撃,敵攻撃_1878,,
1879:ミミック？:特殊寄生,1879,敵攻撃,敵攻撃_1879,,
1880:ミミック:Ｖ＋,1880,敵攻撃,敵攻撃_1880,,
1881:ミミック:Ｃ弱,1881,敵攻撃,敵攻撃_1881,,
1882:ミミック:Ａ弱,1882,敵攻撃,敵攻撃_1882,,
1883:ミミック:Ｂ＋,1883,敵攻撃,敵攻撃_1883,,
1884:複合:人形せめ,1884,敵攻撃,敵攻撃_1884,,
1885:だきつき:胸あわせ,1885,敵攻撃,敵攻撃_1885,,
1886:服だけが溶ける霧:衣服攻撃,1886,敵攻撃,敵攻撃_1886,,
1887:Ｂ＋:かみつき,1887,敵攻撃,敵攻撃_1887,,
1888:へびがなめる,1888,敵攻撃,敵攻撃_1888,,
1889:Ｃ＋:かみつき,1889,敵攻撃,敵攻撃_1889,,
1890:ＶＣＢ複合拘束:３回攻撃,1890,敵攻撃,敵攻撃_1890,,
1891:Ｖ弱い,1891,敵攻撃,敵攻撃_1891,__ERAIshkQ/enemy attack/sexual-general V__ ,
,,,敵攻撃_1891a,__ERAIshkQ/enemy attack/sexual-general V_soft__ ,
1892:Ｃ,1892,敵攻撃,敵攻撃_1892,__ERAIshkQ/enemy attack/sexual-general C__ ,
,,,敵攻撃_1892a,__ERAIshkQ/enemy attack/sexual-general C_soft__ ,
1893:胸,1893,敵攻撃,敵攻撃_1893,__ERAIshkQ/enemy attack/sexual-general B__ ,
,,,敵攻撃_1893a,__ERAIshkQ/enemy attack/sexual-general B_soft__ ,
1894:Ｃなめる,1894,敵攻撃,敵攻撃_1894,__ERAIshkQ/enemy attack/sexual-general C__ ,
,,,敵攻撃_1894a,__ERAIshkQ/enemy attack/sexual-general C_soft__ ,
1895:Ｖなめる,1895,敵攻撃,敵攻撃_1895,__ERAIshkQ/enemy attack/sexual-general V__ ,
,,,敵攻撃_1895a,__ERAIshkQ/enemy attack/sexual-general V_soft__ ,
1896:胸なめる,1896,敵攻撃,敵攻撃_1896,__ERAIshkQ/enemy attack/sexual-general B__ ,
,,,敵攻撃_1896a,__ERAIshkQ/enemy attack/sexual-general B_soft__ ,
1897:Ｃ軽い,1897,敵攻撃,敵攻撃_1897,__ERAIshkQ/enemy attack/sexual-general C__ ,
,,,敵攻撃_1897a,__ERAIshkQ/enemy attack/sexual-general C_soft__ ,
1898:Ｖ軽い,1898,敵攻撃,敵攻撃_1898,__ERAIshkQ/enemy attack/sexual-general V__ ,
,,,敵攻撃_1898a,__ERAIshkQ/enemy attack/sexual-general V_soft__ ,
1899:胸軽い,1899,敵攻撃,敵攻撃_1899,,
,,,敵攻撃_1899a,,
1900:糸:特殊攻撃:速度ダウン,1900,敵攻撃,敵攻撃_1900,,
1901:暗闇:特殊攻撃:命中ダウン,1901,敵攻撃,敵攻撃_1901,,
1902:トラウマ:特殊攻撃:回避ダウン,1902,敵攻撃,敵攻撃_1902,,
1903:吹雪:特殊攻撃:回避ダウン,1903,敵攻撃,敵攻撃_1903,,
1904:まぶしい光:特殊攻撃:命中ダウン,1904,敵攻撃,敵攻撃_1904,,
1905:狂気の瞳:特殊攻撃:命中回避ダウン,1905,敵攻撃,敵攻撃_1905,,
1906:電撃:通常攻撃,1906,敵攻撃,敵攻撃_1906,,
1907:電撃ムチ:衣服攻撃,1907,敵攻撃,敵攻撃_1907,,
1908:火炎:衣服攻撃,1908,敵攻撃,敵攻撃_1908,,
1909:カマイタチ:衣服攻撃,1909,敵攻撃,敵攻撃_1909,,
1910:氷責め,1910,敵攻撃,敵攻撃_1910,,
1911:糸責め,1911,敵攻撃,敵攻撃_1911,,
1912:地震:特殊攻撃:ひるみ効果,1912,敵攻撃,敵攻撃_1912,,
1913:触手服をきせる:特殊攻撃,1913,敵攻撃,敵攻撃_1913,,
1914:援軍:特殊攻撃:一応、バンシー用,1914,敵攻撃,敵攻撃_1914,,
1915:眠気増加:特殊攻撃,1915,敵攻撃,敵攻撃_1915,,
1916:ホフゴブリン:怯み効果,1916,敵攻撃,敵攻撃_1916,,
1917:幻覚,1917,敵攻撃,敵攻撃_1917,,
1918:悲鳴:怯み効果,1918,敵攻撃,敵攻撃_1918,,
1919:プロトクリーナー:特殊攻撃,1919,敵攻撃,敵攻撃_1919,,
,,敵攻撃,敵攻撃_,,
2101:ワイヤーゴースト:通常,2101,敵攻撃,敵攻撃_2101,,
,,敵攻撃,敵攻撃_,,
2103:ローパー:通常,2103,敵攻撃,敵攻撃_2103,,
,,敵攻撃,敵攻撃_,,
2107::通常,2107,敵攻撃,敵攻撃_2107,,
2108:バンシー:通常,2108,敵攻撃,敵攻撃_2108,,
,,敵攻撃,敵攻撃_,,
2114:ワイヤーゴースト　影触手　　　　　通常攻撃,2114,敵攻撃,敵攻撃_2114,,
,,敵攻撃,敵攻撃_,,
2116:スキュラ　剃刀ヒトデ　　　通常攻撃,2116,敵攻撃,敵攻撃_2116,,
2117:バンシー　髪の毛を伸ばして攻撃　通常,2117,敵攻撃,敵攻撃_2117,,
,,敵攻撃,敵攻撃_,,
2200:サンダーラプター,2200,敵攻撃,敵攻撃_2200,,
2201:レッサーヒュプノ:衣服,2201,敵攻撃,敵攻撃_2201,,
2202:ハウンド:衣服,2202,敵攻撃,敵攻撃_2202,,
2203:ローパー:衣服,2203,敵攻撃,敵攻撃_2203,,
2204:ダブルイール:白い泡,2204,敵攻撃,敵攻撃_2204,,
2205:ダブルイール:衣服BC　口ですいつき　特殊効果つき,2205,敵攻撃,敵攻撃_2205,,
,,敵攻撃,敵攻撃_,,
2211:ワイヤーゴースト　鬼火　　　　　　衣服攻撃　Ｂ，Ｃ,2211,敵攻撃,敵攻撃_2211,,
"2213:ヴォジャノーイ　かえる幼生　　　　　衣服攻撃　A,V",2213,敵攻撃,敵攻撃_2213,,
2214:スキュラ　珊瑚の剣　　　　衣服攻撃　ＢＣＶ,2214,敵攻撃,敵攻撃_2214,,
2215:バンシー　髪の毛を伸ばして攻撃　衣服　Ｂ,2215,敵攻撃,敵攻撃_2215,,
2216:アルケニー　衣服　Ｂ,2216,敵攻撃,敵攻撃_2216,,
2217:アルケニー　衣服　Ｂ,2217,敵攻撃,敵攻撃_2217,,
,,敵攻撃,敵攻撃_,,
2300:サンダーラプター,2300,敵攻撃,敵攻撃_2300,,
,,敵攻撃,敵攻撃_,,
2301:ローパー:C性弱,2301,敵攻撃,敵攻撃_2301,,
,,敵攻撃,敵攻撃_,,
2303:蝶を使役,2303,敵攻撃,敵攻撃_2303,,
,,敵攻撃,敵攻撃_,,
2306:ワイヤーゴースト　影移動抱きしめ　性攻撃　Ｂ、Ａ,2306,敵攻撃,敵攻撃_2306,,
2307:ヴォジャノーイ　かえるぴょこぴょこ　性攻撃　　Ａ,2307,敵攻撃,敵攻撃_2307,,
2308:ショゴスセル　水人形で感覚共有責め　性攻撃　Ｂ，Ｃ,2308,敵攻撃,敵攻撃_2308,,
2309:ショゴスセル　水人形で感覚共有責め　性攻撃　Ｖ,2309,敵攻撃,敵攻撃_2309,,
2310:バンシー　性攻撃　ABCVランダム,2310,敵攻撃,敵攻撃_2310,,
2311:スキュラ一時拘束胸揉み　性攻撃（通常）　Ｂ,2311,敵攻撃,敵攻撃_2311,,
,,敵攻撃,敵攻撃_,,
2315:アルケニー　性攻撃　Ｂ,2315,敵攻撃,敵攻撃_2315,,
,,敵攻撃,敵攻撃_,,
2500:ローパー:拘束,2500,敵攻撃,敵攻撃_2500,,
2501:ローパー:拘束,2501,敵攻撃,敵攻撃_2501,,
2502:ダブルイール:うなぎの拘束水辺に固定,2502,敵攻撃,敵攻撃_2502,,
,,敵攻撃,敵攻撃_,,
2509:マンイーター　花の口へ一直線　　拘束,2509,敵攻撃,敵攻撃_2509,,
2510:アルケニー:拘束,2510,敵攻撃,敵攻撃_2510,,
,,敵攻撃,敵攻撃_,,
2600:ローパー:C性強,2600,敵攻撃,敵攻撃_2600,,
2601:ダブルイール:うなぎの性強Ｖもぐりこみ,2601,敵攻撃,敵攻撃_2601,,
,,敵攻撃,敵攻撃_,,
2614:マンイーター 花の口の中で凌辱　Ａ，Ｖ,2614,敵攻撃,敵攻撃_2614,,
,,敵攻撃,敵攻撃_,,
2619:アルケニー:C性強,2619,敵攻撃,敵攻撃_2619,,
2620:アルケニー:B性強,2620,敵攻撃,敵攻撃_2620,,
,,敵攻撃,敵攻撃_,,
2800:ローパー:V性強,2800,敵攻撃,敵攻撃_2800,,
2801:ダブルイール:もぐりこみ射精,2801,敵攻撃,敵攻撃_2801,,
,,敵攻撃,敵攻撃_,,
2805:レッドプリン:寄生,2805,敵攻撃,敵攻撃_2805,,
,,敵攻撃,敵攻撃_,,
2808:アルケニー:V妊娠,2808,敵攻撃,敵攻撃_2808,,
,,敵攻撃,敵攻撃_,,
2959:スキュラ:竜宮の煙　　　　特殊　Ｃ,2959,敵攻撃,敵攻撃_2959,,
,,敵攻撃,敵攻撃_,,
2961:アルケニー:特殊,2961,敵攻撃,敵攻撃_2961,,
,,,,,
,,,敵の拘束攻撃,__ERAIshkQ/enemy attack/pre bound__,
,,,,,
,,,,,
,,,マップ画面,"1girl, solo, walking in tentacle pit",未
,,,マップ画面_仲間あり,"2girls, walking in tentacle pit",未
,,,,,
,,,人と遭遇,__ERAIshkQ/person encounter__,
,,,敵と遭遇,__ERAIshkQ/enemy encounter__,
,,,探索_何も見つからない,__ERAIshkQ/no item__,
,,,アイテム発見,__ERAIshkQ/get item__,
,,,,,
,,,,,
,,,移動_突撃,"1girl, solo,running form,hand up,running,motion lines, in tentacle pit,ducth angle,wide shot",直後にイベントがあるから移動のタイミングで生成はいまいち
,,,移動_突撃_仲間あり,"2girls, running form,hand up,running,motion lines, in tentacle pit,ducth angle,wide shot",未
,,,移動_慎重,"1girl, solo, walking in tentacle pit",未
,,,移動_慎重_仲間あり,"2girls, walking in tentacle pit",未
,,,,,
,,,睡眠,,
,,,,,
,,,,,
,,,味方攻撃_弱弾幕,__ERAIshkQ/pt attack/danmaku/light__,
,,,味方攻撃_中弾幕,__ERAIshkQ/pt attack/danmaku/medium__,
,,,味方攻撃_強弾幕,__ERAIshkQ/pt attack/danmaku/heavy__,
,,,味方攻撃_溜め,__ERAIshkQ/pt attack/danmaku/charge__,
,,,味方攻撃_溜め撃ち,__ERAIshkQ/pt attack/danmaku/charge attack__,
,,,味方攻撃_ばら撒き弾,__ERAIshkQ/pt attack/danmaku/spread__,
,,,味方攻撃_貫通弾,__ERAIshkQ/pt attack/danmaku/laser__,
,,,,,
,,,味方攻撃_攻撃_武器_1,__ERAIshkQ/pt attack/weapon/crossbow__,クロスボウ
,,,味方攻撃_攻撃_武器_2,__ERAIshkQ/pt attack/weapon/magic arrow__,魔法の弓矢
,,,味方攻撃_攻撃_武器_3,__ERAIshkQ/pt attack/weapon/flamethrower__,火炎放射器
,,,味方攻撃_攻撃_武器_4,__ERAIshkQ/pt attack/weapon/magic missile__,マジックミサイル
,,,味方攻撃_攻撃_武器_5,__ERAIshkQ/pt attack/weapon/strawberry cross__,苺クロス
,,,味方攻撃_攻撃_武器_6,__ERAIshkQ/pt attack/weapon/hakurei amulet__,博麗のお札
,,,味方攻撃_攻撃_武器_7,__ERAIshkQ/pt attack/weapon/spell card__,スペルカード
,,,味方攻撃_攻撃_武器_8,魔法の拘束具で攻撃ってあるの？,魔法の拘束具
,,,味方攻撃_攻撃_武器_9,__ERAIshkQ/pt attack/weapon/tentacle thrower__,☆触手放射器
,,,,,
,,,味方攻撃_攻撃_武器_10,__ERAIshkQ/pt attack/weapon/club__,こんぼう
,,,味方攻撃_攻撃_武器_11,__ERAIshkQ/pt attack/weapon/naginata__,ナギナタ
,,,味方攻撃_攻撃_武器_12,__ERAIshkQ/pt attack/weapon/hakurou sword__,白狼刀
,,,味方攻撃_攻撃_武器_13,__ERAIshkQ/pt attack/weapon/magical stick__,マジカルステッキ
,,,味方攻撃_攻撃_武器_14,__ERAIshkQ/pt attack/weapon/dragonfish drill__,龍魚ドリル
,,,味方攻撃_攻撃_武器_15,__ERAIshkQ/pt attack/weapon/yin yang orb__,陰陽玉
,,,味方攻撃_攻撃_武器_16,__ERAIshkQ/pt attack/weapon/hihiirokane sword__,緋緋色金の剣
,,,味方攻撃_攻撃_武器_17,__ERAIshkQ/pt attack/weapon/tentacle__,☆触手使役術
,,,味方攻撃_攻撃_武器_18,__ERAIshkQ/pt attack/weapon/tentacle sword__,☆触手剣
