コマンド番号,コマンド名,プロンプト,ネガティブ,解像度,キャラ描画,顔描画,胸描画,ヴァギナ描画,アナル描画,拒否プロンプト,拒否ネガティブ,備考
;-------------------------------------------------,,,,,,,,,,,,
;0-9 愛撫系コマンド,,,,,,,,,,,,
;-------------------------------------------------,,,,,,,,,,,,
0,愛撫,,,,1,1,1,0,0,,,
1,クンニ,"nsfw,(close-up of girl's crotch:0.9),(pussy),spread legs,naked,botomless","(penis),(self fingering:1.5),(musterbation:1.5),(hand on pussy:1.5)",,1,1,1,1,1,,,無理
2,アナル愛撫,"nsfw,Posture of girl on all fours with buttocks protruding,from behind,((ass focus)),botomless",(penis),,1,1,1,1,1,,,
3,オナニー,"nsfw,(cute girl lying pleasuring herself),(woman masturbation),navel,(She teases her vagina with her hand),spread legs",,,1,1,1,1,1,%汎用拒否%,%汎用拒否ネガ%,
4,フェラする,,,,1,1,1,0,0,,,
5,胸愛撫,"nsfw,hetero,breast grab, 1boy, 1girl arms at side,hands,arms,bust shot,nipples,POVBREASTGRAB,POV HANDS,BREAST GRAB,<lora:povBreastGrab_v2:0.8:CT>","male's face,female masturbation,self grabbing",,1,1,1,0,0,,,
6,キスする,"(((kiss pov))),blash,{|open mouth,tongue},half closed eyes,((close up lips)),saliva","(penis,pov crotch,navel:1.4)",%正方形%,1,1,0,0,0,%汎用拒否%,%汎用拒否ネガ%,男のPOV下腹部が出たがる
7,秘貝開帳,,,,1,1,1,0,0,,,
8,指挿入れ,,,,1,1,1,0,0,,,
9,アナル舐め,"nsfw,Posture of girl on all fours with buttocks protruding,from behind,((ass focus)),botomless",(penis),,1,1,1,1,1,,,
,,,,,,,,,,,,
;-------------------------------------------------,,,,,,,,,,,,
;10-19 道具使用コマンド,,,,,,,,,,,,
;-------------------------------------------------,,,,,,,,,,,,
10,ローター,"nsfw,nude,lying,motion lines,navel,(trembling effect motion lines:1.0),(vibration:1.0),(motion blur:1.0), (vibrator on Lower abdomen:1.3),from below,pussy","(penis),open pussy",,1,1,1,0,0,,,実際insert率は低め
11,バイブ,"no panties,lower body focus,spread legs","(penis),open pussy",,1,1,1,1,1,,,
12,Ｅマッサージャ,"nsfw,nude,(sex toys:1.5),upper body ,lying,bust shot,motion lines,navel,Feels good sexually,(trembling effect motion lines:1.2),(vibration:1.2),(motion blur:1.2)",(penis),,1,1,1,0,0,,,下半身はすぐ挿入したがるので写らないように誤魔化す
13,アナルバイブ,"1girl all fours, looking back, no panties, from behind",,,1,1,1,1,1,,,
14,クリキャップ,,,,1,1,1,0,0,,,
15,ニプルキャップ,,,,1,1,1,0,0,,,
16,搾乳機,,,,1,1,1,0,0,,,
17,オナホール,,,,1,1,1,0,0,,,
18,シャワー,,,,1,1,1,0,0,,,
19,アナルスティック,,,,1,1,1,0,0,,,
,,,,,,,,,,,,
;-------------------------------------------------,,,,,,,,,,,,
;20-29 セックス系コマンド,,,,,,,,,,,,
;-------------------------------------------------,,,,,,,,,,,,
20,正常位,"nsfw,solo focus,(face),nsfw,(deep penetration missionary:0.8),(lying,spread legs, vaginal sex,missionary:1.1)",,%縦長%,1,1,1,1,0,,,
21,後背位,"nsfw,{<lora:povWaistGrabConcept_v09:0.2>,doggyGrab,vaginal sex,from behind,ass,doggystyle,pov|<lora:doggystyleSideView_ekunesidedoggstyle:0.7>,sidedoggystyle, 1boy, ass, doggystyle, sex,all fours,torso grab,penis,vaginal}",,,1,1,1,1,1,,,
22,対面座位,"pov,straddling, upright straddle,arm support,nsfw,navel,pussy,cowgirlGrab,pov, cowgirl position, vaginal",,%縦長%,1,1,1,1,0,,,暫定で騎乗位
23,背面座位,"vaginal sex, ass,from behind,doggystyle,pov crotch,penis in pussy,breasts, nsfw, hetero, navel, nipples, penis, pussy,  sex",,,1,1,1,1,1,,,暫定で後背位
24,逆レイプ,"pov,straddling, upright straddle,arm support,nsfw,navel,pussy,cowgirlGrab,pov, cowgirl position, vaginal",,,1,1,1,1,0,%汎用拒否%,%汎用拒否ネガ%,
25,逆アナルレイプ,"<lora:missionaryPOVAnal_v10:0.6:0,0,0,0,0,0,1,1,0.6,1,0,0,0,0,0,0,0>,missionary POV Anal,lying,pov,nsfw ,anal sex,navel, camel Toe,pussy,missionary anal",,,1,1,1,1,0,%汎用拒否%,%汎用拒否ネガ%,暫定で正常位
26,正常位アナル,"<lora:missionaryPOVAnal_v10:0.6:0,0,0,0,0,0,1,1,0.6,1,0,0,0,0,0,0,0>,missionary POV Anal,lying,pov,nsfw ,anal sex,navel, camel Toe,pussy,missionary anal",,,1,1,1,1,1,,,アナルはLoraでないと難しい
27,後背位アナル,"sfw, girl, 1boy, pov,( penis:1.2), ass, from behind, (back:1.1),<lora:povAnalFromBehind_v2:0.7>,from above",,%縦長%,1,1,1,1,1,,,
28,対面座位アナル,"<lora:missionaryPOVAnal_v10:0.6:0,0,0,0,0,0,1,1,0.6,1,0,0,0,0,0,0,0>,missionary POV Anal,lying,pov,nsfw ,anal sex,navel, camel Toe,pussy,missionary anal",,,1,1,1,1,1,,,暫定で正常位
29,背面座位アナル,"sfw, girl, 1boy, pov,( penis:1.2), ass, from behind, (back:1.1),<lora:povAnalFromBehind_v2:0.7>,from above",,,1,1,1,1,1,,,暫定で後背位
,,,,,,,,,,,,
;-------------------------------------------------,,,,,,,,,,,,
;30-39 奉仕系コマンド,,,,,,,,,,,,
;-------------------------------------------------,,,,,,,,,,,,
30,手淫,"nsfw,hetero,hand job ,(hand on penis)",multiple penis,,1,1,1,0,0,%汎用拒否%,%汎用拒否ネガ%,
31,フェラチオ,"nsfw,(fellatio,penis) ,pov crotch ,blow job,{|face focus|wide shot},{|side view},{|all fours},{|looking up}",multiple penis,"%縦長%,%正方形%,%横長%",1,1,0,0,0,%汎用拒否%,%汎用拒否ネガ%,
32,パイズリ,"nsfw,1girl, 1boy,titsjob,(paizuri),penis on breasts,nipples,pov,pov crotch ,<lora:realisticTitfuck_titfuckRealisticEpoch:1>,titfuck","multiple nipples,multiple penis,pussy,wide shot",%正方形%,1,1,1,0,0,%汎用拒否%,%汎用拒否ネガ%,
33,素股,"nsfw,botomless,navel,nude,<lora:povImminentPenetration_ipv1:1:CT>,1girl,1boy,  (pov crotch,penis), (imminent penetration:1.3), spread legs.(Cowgirl)","penis in pussy,inseration,(futanari,futa)",,1,1,1,0,0,%汎用拒否%,%汎用拒否ネガ%,騎乗素股が見つかるまで妥協
34,騎乗位,"pov,straddling, upright straddle,arm support,nsfw,navel,pussy,cowgirlGrab,pov, cowgirl position, vaginal",,,1,1,1,1,0,%汎用拒否%,%汎用拒否ネガ%,
35,泡踊り,"(1girl and 1boy),faceless male,1girl is straddling on naked man lying,(pov stomach),((full of bubbles,foamy)),(((soap,foamy))),(((soap,foamy)))",,,1,1,1,0,0,%汎用拒否%,%汎用拒否ネガ%,
36,騎乗位アナル,"<lora:missionaryPOVAnal_v10:0.6:0,0,0,0,0,0,1,1,0.6,1,0,0,0,0,0,0,0>,missionary POV Anal,lying,pov,nsfw ,anal sex,navel, camel Toe,pussy,missionary anal",,,1,1,1,1,0,%汎用拒否%,%汎用拒否ネガ%,暫定で正常位
37,アナル奉仕,"nsfw,Girl facing sideways,side views,upper body,(nude male,1boy,ass:1.3), (licking anus:1.4),<lora:conceptFemdomFellatio_v10:1:NC>,anilingus,1girl,faceless male","penis,male's face",%正方形%,1,1,1,0,0,%汎用拒否%,%汎用拒否ネガ%,
38,足コキ,"(FOOT JOB),1girl,1boy, penis,(FOOTJOB_POSITIONV2:0.5)","vaginal sex,inseration",,1,1,1,0,0,%汎用拒否%,%汎用拒否ネガ%,FOOTJOB_POSITIONV2はTI　タイツが出たり、足だけ違う人っぽくなりがち
39,オナホコキ,,,,,,,,,,,
,,,,,,,,,,,,
;-------------------------------------------------,,,,,,,,,,,,
;40-49 SM系コマンド,,,,,,,,,,,,
;-------------------------------------------------,,,,,,,,,,,,
40,スパンキング,"ass,Girl on all fours with her hips facing away, Spanking,botomless{|slapmark,<lora:conceptSlapMark_v10:1>}",,,1,1,1,1,1,,,Loraの有無はランダム
41,鞭,"A girl is being whipped,nude,Birthmarks on the body",,,1,1,1,0,0,,,
42,針,Needle stuck in girl's body.,,,1,1,1,0,0,,,
43,アイマスク,,,,1,1,1,0,0,,,
44,縄,"1girl, bust shot,arms behind back,(collarbone,breasts,nipples)",,,1,1,1,0,0,,,
45,ボールギャグ,,,,1,1,1,0,0,,,
46,浣腸器＋プラグ,,,,1,1,1,0,0,,,
47,ボンデージ装着,,,,1,1,1,0,0,,,
48,足コキする,,,,1,1,1,0,0,,,
49,アナル電極,,,,1,1,1,0,0,,,
,,,,,,,,,,,,
;-------------------------------------------------,,,,,,,,,,,,
;50-59 特殊コマンド,,,,,,,,,,,,
;-------------------------------------------------,,,,,,,,,,,,
50,ローション,,,,1,1,1,0,0,,,
51,プリンセスポイズン,,,,1,1,1,0,0,,,
52,利尿剤,,,,1,1,1,0,0,,,
53,ビデオカメラ,,,,1,1,1,0,0,,,
54,撮影セット変更,,,,1,1,1,0,0,,,
55,何もしない,cute girl sitting on floor,,,1,1,1,0,0,,,
56,会話する,,,,1,1,1,0,0,,,
57,羞恥プレイ,,,,1,1,1,0,0,,,
58,お風呂場プレイ,Girl with bath towel wrapped around her body is standing,,,1,1,1,0,0,,,
59,コスプレ,"standing,wide shot,from head to toe",,,1,1,1,0,0,,,
,,,,,,,,,,,,
;-------------------------------------------------,,,,,,,,,,,,
;60-79 助手によるコマンド、及びレズプレイ,,,,,,,,,,,,
;-------------------------------------------------,,,,,,,,,,,,
60,助手にキス,,,,1,1,1,0,0,,,
61,クンニ強制,,,,1,1,1,0,0,,,
62,助手を犯す,,,,1,1,1,0,0,,,
63,貝あわせ,,,,1,1,1,0,0,,,
;64,３Ｐ,,,,1,1,1,0,0,,,
65,助手を犯させる,,,,1,1,1,0,0,,,
66,二本フェラ,,,,1,1,1,0,0,,,
68,ダブルフェラ,,,,1,1,1,0,0,,,
;69,シックスナイン,;フェラ強制orクンニ強制→クンニ、フェラあるいはその逆で自動発動,,,1,1,1,0,0,,,
,,,,,,,,,,,,
;70,ダブル素股,,,,1,1,1,0,0,,,
71,ダブルパイズリ,,,,1,1,1,0,0,,,
;72,,,,,1,1,1,0,0,,,
;73,乳首あわせ,,,,1,1,1,0,0,,,
,,,,,,,,,,,,
;-------------------------------------------------,,,,,,,,,,,,
;80-89 ハードな調教コマンド,,,,,,,,,,,,
;-------------------------------------------------,,,,,,,,,,,,
80,イラマチオ,"nsfw,(fellatio ,blow job,penis),<lora:testHeadgrabOr_v10:0.7:ct>,(hgrb),1boy, (head grab:1.4) , hand on another's head,(sanpaku:1.3),surprised,tears,(motion lines:1.2)","multiple penis,(tongue:1.4),chin","%正方形%,%横長%",1,1,0,0,0,%汎用拒否%,%汎用拒否ネガ%,
81,フィストファック,,,,1,1,1,0,0,,,
82,アナルフィスト,,,,1,1,1,0,0,,,
83,両穴フィスト,,,,1,1,1,0,0,,,
;84,Ｇスポット刺激,,,,1,1,1,0,0,,,
85,放尿,"(squirt urination,peeing:1.2)",,,1,1,1,0,0,,,
;86,飲尿,,,,1,1,1,0,0,,,
87,ピアシング,,,,1,1,1,0,0,,,
88,剃毛,,,,1,1,1,0,0,,,
89,獣姦プレイ,,,,1,1,1,0,0,,,
;-------------------------------------------------,,,,,,,,,,,,
;90-99 アイテム派生系コマンド,,,,,,,,,,,,
;-------------------------------------------------,,,,,,,,,,,,
90,ローター自慰,,,,1,1,1,0,0,,,
91,電マ自慰,,,,1,1,1,0,0,,,
92,乳首ローター,,,,1,1,1,0,0,,,
;93,身体に落書き,,,,1,1,1,0,0,,,
;-------------------------------------------------,,,,,,,,,,,,
;100-109 触手系コマンド,,,,,,,,,,,,
;-------------------------------------------------,,,,,,,,,,,,
100,触手生物,,,,1,1,1,0,0,,,
101,触手挿入,,,,1,1,1,0,0,,,
102,アナル触手,,,,1,1,1,0,0,,,
103,触手クリ責め,,,,1,1,1,0,0,,,
104,触手乳首責め,,,,1,1,1,0,0,,,
105,触手搾乳,,,,1,1,1,0,0,,,
106,触手緊縛,,,,1,1,1,0,0,,,
107,触手浣腸,,,,1,1,1,0,0,,,
108,触手口辱,,,,1,1,1,0,0,,,
109,触手ペニス責め,,,,1,1,1,0,0,,,
,,,,,,,,,,,,
;-------------------------------------------------,,,,,,,,,,,,
;110-111 着衣・脱衣関連コマンド,,,,,,,,,,,,
;-------------------------------------------------,,,,,,,,,,,,
110,服の着脱,,,,1,1,1,0,0,,,
;111,服を破る,,,,1,1,1,0,0,,,
,,,,,,,,,,,,
;-------------------------------------------------,,,,,,,,,,,,
;120- 追加コマンド,,,,,,,,,,,,
;-------------------------------------------------,,,,,,,,,,,,
;120,挿入Ｇスポ責め,,,,1,1,1,0,0,,,
;121,挿入子宮口責め,,,,1,1,1,0,0,,,
122,兜あわせ,,,,1,1,1,0,0,,,
;123,パイズリフェラ,,,,1,1,1,0,0,,,
;124,ディープスロート,,,,1,1,1,0,0,,,
;125,フェラ自慰,,,,1,1,1,0,0,,,
;126,手コキフェラ,,,,1,1,1,0,0,,,
;127,バキュームフェラ,,,,1,1,1,0,0,,,
;128,正常位・キス,,,,1,1,1,0,0,,,
;129,正常位・胸愛撫,,,,1,1,1,0,0,,,
;130,正常位ＳＰ,,,,1,1,1,0,0,,,
;131,後背位・胸愛撫,,,,1,1,1,0,0,,,
;132,後背位・スパンキング,,,,1,1,1,0,0,,,
;133,立ちバック,,,,1,1,1,0,0,,,
;134,後背位ＳＰ,,,,1,1,1,0,0,,,
135,顔面騎乗プレイ,,,,1,1,1,0,0,,,
136,褒める,,,,1,1,1,0,0,,,
137,三角木馬,,,,1,1,1,0,0,,,
;138,アナル舐め手コキ,,,,1,1,1,0,0,,,
,,,,,,,,,,,,
140,コンドーム精飲,,,,1,1,1,0,0,,,
141,ナイズリ,,,,1,1,1,0,0,,,
142,縦パイズリ,,,,1,1,1,0,0,,,
143,谷間ホール,,,,1,1,1,0,0,,,
144,腹パン,,,,1,1,1,0,0,,,
;-------------------------------------------------,,,,,,,,,,,,
;150-159 スライム系コマンド,,,,,,,,,,,,
;-------------------------------------------------,,,,,,,,,,,,
150,スライム生成,,,,1,1,1,0,0,,,
151,スライム膣内進入,,,,1,1,1,0,0,,,
152,スライム肛門進入,,,,1,1,1,0,0,,,
153,スライムオナニー,,,,1,1,1,0,0,,,
154,スライム口辱,,,,1,1,1,0,0,,,
,,,,,,,,,,,,
180,具現,,,,1,1,1,0,0,,,
,,,,,,,,,,,,
701,存在しないコマンド　ナイズリ,"nsfw,(NAIZURI),1girl, 1boy, pov,(penis:1.2), flat chest,looking at viewer, from above,<lora:naizuriConcept_v1:0.8:CT>",,%正方形%,1,1,1,0,0,%汎用拒否%,%汎用拒否ネガ%,
702,存在しないコマンド　着衣胸愛撫,"<lora:clothedBreastGrab_chakumomiV11:1.4:CT>,(CHAKUMOMI:1.2),(POV HAND,BREAST GRAB:1.4),hetero, 1boy, 1girl arms at side,arms,bust shot",nipples,,1,1,1,0,0,,,
